MoldingMachine_57,Timestamp_0,2017-01-01T00:00:10Z,_3,9433.11,_4,1022.96,_13,18.17,_103,39.88,_105,0.5,_106,1.32,_107,45.0,_108,42.86,_109,54.99,_110,48.21,_111,30.82,_112,81.06,_14,51.47,_113,28.76,_114,91.2,_115,43.14,_116,7.66,_117,78.09,_118,63.7,_119,81.88,_15,0.96,_16,15.46,_17,0.98,_18,0.04,_19,55.21,_20,0.01,_21,-0.0,_22,26.32,_5,424.68,_23,28.09,_24,41.57,_25,1.1,_26,5.16,_27,0.56,_28,1.33,_29,0.45,_30,0.09,_31,1.2,_32,272.0,_6,3276.0,_33,262.82,_34,254.79,_35,261.37,_36,39.41,_37,25.63,_38,33.18,_39,17.55,_40,0.0,_41,98.13,_42,94.23,_7,0.73,_43,85.07,_44,75.94,_45,6.98,_46,1543.15,_47,1593.55,_48,48.71,_49,654.91,_50,71.6,_51,8.15,_52,47.39,_8,-0.91,_53,9.0,_54,7.5,_55,19.91,_56,33.9,_57,56.17,_58,85.36,_59,10.17,_60,66.83,_61,91.93,_62,2.88,_9,-0.0,_63,86.55,_64,82.82,_65,3.1,_66,2110.7,_67,736.75,_68,16.07,_69,78.03,_70,165.0,_71,33.71,_72,79.17,_10,11.98,_73,19.6,_74,33.31,_75,5.9,_76,31.18,_77,1335.75,_78,0.0,_79,2.37,_80,0.24,_81,20.71,_82,1.22,_11,17.2,_83,0.0,_84,53.93,_85,15.81,_86,36.57,_87,0.0,_88,33.79,_89,250.16,_90,1208.47,_91,42.95,_92,76.69,_12,16.64,_93,47.37,_94,75.7,_95,84.57,_96,16.01,_97,12.62,_98,838.12,_99,3254.78,_100,6.12,_101,1400.0,_102,-0.09
MoldingMachine_57,Timestamp_1,2017-01-01T00:00:20Z,_3,9500.11,_4,1042.57,_5,581.18,_6,3276.0,_7,0.86,_8,238.68,_9,0.0,_10,9.69,_11,13.81,_12,3.72,_13,9.57,_14,51.47,_15,1.01,_16,15.46,_17,1.01,_18,0.07,_19,55.21,_20,0.02,_21,-0.05,_22,26.32,_23,28.09,_24,41.57,_25,1.1,_26,5.16,_27,0.54,_28,1.33,_29,0.46,_30,0.09,_31,1.2,_32,272.0,_33,263.05,_34,254.99,_35,260.0,_36,17.31,_37,18.41,_38,2.46,_39,17.55,_40,0.0,_41,98.13,_42,94.23,_43,85.07,_44,75.94,_45,6.98,_46,1552.27,_47,1630.7,_48,48.71,_49,684.91,_50,71.6,_51,8.15,_52,47.39,_53,9.0,_54,6.5,_55,19.91,_56,32.2,_57,56.17,_58,85.36,_59,10.17,_60,66.83,_61,91.93,_62,2.88,_63,86.55,_64,82.82,_65,3.01,_66,2123.7,_67,736.75,_68,16.07,_69,78.03,_70,66.73,_71,33.84,_72,79.17,_73,12.36,_74,34.36,_75,6.0,_76,31.18,_77,1334.24,_78,0.0,_79,2.37,_80,-0.76,_81,20.71,_82,1.23,_83,2.37,_84,55.0,_85,15.81,_86,36.57,_87,0.0,_88,33.79,_89,271.16,_90,1210.47,_91,42.95,_92,76.69,_93,47.37,_94,75.7,_95,84.57,_96,16.01,_97,12.62,_98,841.12,_99,3352.78,_100,6.12,_101,1400.0,_102,1.49,_103,39.56,_105,0.49,_106,1.32,_107,45.0,_108,41.36,_109,55.97,_110,45.0,_111,2.51,_112,78.67,_113,28.76,_114,91.2,_115,43.14,_116,7.66,_117,78.09,_118,63.7,_119,81.88
MoldingMachine_57,Timestamp_2,2017-01-01T00:00:30Z,_3,6761.69,_4,1030.47,_5,594.86,_6,3276.0,_7,0.03,_8,300.1,_9,-0.0,_10,10.07,_11,13.87,_12,3.49,_13,23.05,_14,51.47,_15,0.93,_16,15.46,_17,1.03,_18,0.13,_19,55.21,_20,-0.02,_21,0.06,_22,26.32,_23,28.09,_24,41.57,_25,1.1,_26,5.16,_27,0.54,_28,1.33,_29,0.46,_30,0.07,_31,1.2,_32,272.0,_33,262.14,_34,255.13,_35,260.0,_36,19.54,_37,18.43,_38,7.03,_39,17.55,_40,0.0,_41,98.13,_42,94.23,_43,85.07,_44,75.94,_45,6.98,_46,1546.03,_47,1584.39,_48,48.71,_49,714.91,_50,71.6,_51,8.15,_52,47.39,_53,9.0,_54,6.5,_55,19.91,_56,34.27,_57,56.17,_58,85.36,_59,10.17,_60,66.83,_61,91.93,_62,2.88,_63,86.55,_64,82.82,_65,2.96,_66,2136.7,_67,736.75,_68,16.07,_69,78.03,_70,70.45,_71,33.81,_72,79.17,_73,7.51,_74,33.14,_75,6.0,_76,31.18,_77,1324.86,_78,0.0,_79,2.37,_80,-1.76,_81,20.71,_82,1.2,_83,2.84,_84,55.0,_85,15.81,_86,36.57,_87,0.0,_88,33.79,_89,292.16,_90,1212.47,_91,42.95,_92,76.69,_93,47.37,_94,75.7,_95,84.57,_96,16.01,_97,12.62,_98,844.12,_99,3450.78,_100,6.12,_101,1400.0,_102,1.31,_103,42.6,_105,0.51,_106,1.37,_107,45.0,_108,45.08,_109,54.55,_110,45.0,_111,2.66,_112,77.92,_113,28.76,_114,91.2,_115,43.14,_116,7.66,_117,78.09,_118,63.7,_119,81.88
MoldingMachine_57,Timestamp_3,2017-01-01T00:00:40Z,_3,6828.69,_4,1389.44,_5,574.12,_6,3276.0,_7,0.61,_8,293.81,_9,-0.0,_10,9.05,_11,16.0,_12,3.15,_13,7.35,_14,51.47,_15,1.02,_16,15.46,_17,1.05,_18,-0.02,_19,55.21,_20,0.02,_21,-0.0,_22,26.32,_23,28.09,_24,41.57,_25,1.1,_26,5.16,_27,0.54,_28,1.33,_29,0.47,_30,0.06,_31,1.2,_32,272.0,_33,262.9,_34,255.29,_35,260.0,_36,17.63,_37,18.41,_38,6.62,_39,17.55,_40,0.0,_41,98.13,_42,94.23,_43,85.07,_44,75.94,_45,6.98,_46,1542.93,_47,1658.5,_48,48.71,_49,744.91,_50,71.6,_51,8.15,_52,47.39,_53,9.0,_54,6.5,_55,19.91,_56,34.8,_57,56.17,_58,85.36,_59,10.17,_60,66.83,_61,91.93,_62,2.88,_63,86.55,_64,82.82,_65,2.99,_66,2149.7,_67,736.75,_68,16.07,_69,78.03,_70,70.88,_71,31.34,_72,79.17,_73,7.48,_74,33.23,_75,6.0,_76,31.18,_77,1318.2,_78,0.0,_79,2.37,_80,-2.76,_81,20.71,_82,1.22,_83,1.97,_84,55.0,_85,15.81,_86,36.57,_87,0.0,_88,33.79,_89,313.16,_90,1214.47,_91,42.95,_92,76.69,_93,47.37,_94,75.7,_95,84.57,_96,16.01,_97,12.62,_98,847.12,_99,3548.78,_100,6.12,_101,1400.0,_102,3.35,_103,42.54,_105,0.49,_106,1.37,_107,45.0,_108,45.35,_109,54.25,_110,45.0,_111,2.2,_112,77.23,_113,28.76,_114,91.2,_115,43.14,_116,7.66,_117,78.09,_118,63.7,_119,81.88
MoldingMachine_57,Timestamp_4,2017-01-01T00:00:50Z,_3,6895.69,_4,864.41,_5,530.71,_6,3276.0,_7,2.06,_8,81.65,_9,-0.0,_10,10.27,_11,17.01,_12,3.61,_13,24.53,_14,51.47,_15,0.9,_16,15.46,_17,1.05,_18,0.06,_19,55.21,_20,0.0,_21,0.03,_22,26.32,_23,28.09,_24,41.57,_25,1.1,_26,5.16,_27,0.56,_28,1.33,_29,0.45,_30,0.06,_31,1.2,_32,272.0,_33,261.91,_34,254.85,_35,260.0,_36,18.56,_37,17.86,_38,6.54,_39,17.55,_40,0.0,_41,98.13,_42,94.23,_43,85.07,_44,75.94,_45,6.98,_46,1565.76,_47,1571.86,_48,48.71,_49,774.91,_50,71.6,_51,8.15,_52,47.39,_53,9.0,_54,6.5,_55,19.91,_56,33.07,_57,56.17,_58,85.36,_59,10.17,_60,66.83,_61,91.93,_62,2.88,_63,86.55,_64,82.82,_65,2.98,_66,2162.7,_67,736.75,_68,16.07,_69,78.03,_70,70.94,_71,28.34,_72,79.17,_73,7.54,_74,33.36,_75,6.0,_76,31.18,_77,1370.73,_78,-0.01,_79,2.37,_80,-3.76,_81,20.71,_82,1.21,_83,2.36,_84,55.0,_85,15.81,_86,36.57,_87,0.0,_88,33.79,_89,334.16,_90,1216.47,_91,42.95,_92,76.69,_93,47.37,_94,75.7,_95,84.57,_96,16.01,_97,12.62,_98,850.12,_99,3646.78,_100,6.12,_101,1410.0,_102,3.44,_103,42.48,_105,0.58,_106,1.34,_107,45.0,_108,44.72,_109,54.99,_110,45.0,_111,21.43,_112,80.38,_113,28.76,_114,91.2,_115,43.14,_116,7.66,_117,78.09,_118,63.7,_119,81.88
MoldingMachine_57,Timestamp_5,2017-01-01T00:01:00Z,_3,5745.56,_4,835.22,_5,579.45,_6,3276.0,_7,-0.69,_8,304.55,_9,-0.0,_10,9.4,_11,14.02,_12,3.48,_13,6.24,_14,51.47,_15,0.85,_16,15.46,_17,0.96,_18,0.07,_19,55.21,_20,-0.02,_21,0.01,_22,26.32,_23,28.09,_24,41.57,_25,1.1,_26,5.16,_27,0.56,_28,1.33,_29,0.47,_30,0.06,_31,1.2,_32,272.0,_33,260.01,_34,254.85,_35,260.0,_36,18.13,_37,15.5,_38,7.03,_39,17.55,_40,0.0,_41,98.13,_42,94.23,_43,85.07,_44,75.94,_45,6.98,_46,1549.73,_47,1601.91,_48,48.71,_49,804.91,_50,71.6,_51,8.15,_52,47.39,_53,9.0,_54,6.5,_55,19.91,_56,34.09,_57,56.17,_58,85.36,_59,10.17,_60,66.83,_61,91.93,_62,2.88,_63,86.55,_64,82.82,_65,3.04,_66,2175.7,_67,736.75,_68,16.07,_69,78.03,_70,71.15,_71,31.94,_72,79.17,_73,7.51,_74,35.05,_75,6.0,_76,31.18,_77,1328.4,_78,-0.0,_79,2.37,_80,-4.76,_81,20.71,_82,1.24,_83,3.0,_84,55.0,_85,15.81,_86,36.57,_87,0.0,_88,33.79,_89,355.16,_90,1218.47,_91,42.95,_92,76.69,_93,47.37,_94,75.7,_95,84.57,_96,16.01,_97,12.62,_98,853.12,_99,3744.78,_100,6.12,_101,1410.0,_102,3.36,_103,40.06,_105,0.57,_106,1.28,_107,45.0,_108,45.12,_109,53.99,_110,45.0,_111,24.02,_112,79.41,_113,28.76,_114,91.2,_115,43.14,_116,7.66,_117,78.09,_118,63.7,_119,81.88
MoldingMachine_57,Timestamp_6,2017-01-01T00:01:10Z,_3,5812.56,_4,1068.1,_5,534.71,_6,3276.0,_7,0.86,_8,294.38,_9,0.0,_10,8.73,_11,7.95,_12,3.44,_13,14.95,_14,51.47,_15,1.01,_16,15.46,_17,1.06,_18,0.04,_19,55.21,_20,0.03,_21,0.01,_22,26.32,_23,28.09,_24,41.57,_25,1.1,_26,5.16,_27,0.54,_28,1.33,_29,0.47,_30,0.07,_31,1.2,_32,272.0,_33,260.08,_34,254.86,_35,260.0,_36,18.11,_37,14.76,_38,6.78,_39,17.55,_40,0.0,_41,98.13,_42,94.23,_43,85.07,_44,75.94,_45,6.98,_46,1541.81,_47,1628.48,_48,48.71,_49,834.91,_50,71.6,_51,8.15,_52,47.39,_53,9.0,_54,6.5,_55,19.91,_56,34.75,_57,56.17,_58,85.36,_59,10.17,_60,66.83,_61,91.93,_62,2.88,_63,86.55,_64,82.82,_65,3.06,_66,2188.7,_67,736.75,_68,16.07,_69,78.03,_70,69.4,_71,35.38,_72,79.17,_73,7.5,_74,32.05,_75,5.9,_76,31.18,_77,1341.31,_78,-0.0,_79,2.37,_80,-5.76,_81,20.71,_82,1.2,_83,2.47,_84,55.0,_85,15.81,_86,36.57,_87,0.0,_88,33.79,_89,376.16,_90,1220.47,_91,42.95,_92,76.69,_93,47.37,_94,75.7,_95,84.57,_96,16.01,_97,12.62,_98,537.21,_99,3842.78,_100,6.12,_101,1410.0,_102,3.62,_103,41.57,_105,0.59,_106,1.25,_107,45.0,_108,44.91,_109,55.23,_110,45.0,_111,21.87,_112,83.09,_113,28.76,_114,91.2,_115,43.14,_116,7.66,_117,78.09,_118,63.7,_119,81.88
MoldingMachine_57,Timestamp_7,2017-01-01T00:01:20Z,_3,5879.56,_4,1057.04,_5,547.19,_6,3276.0,_7,1.31,_8,275.19,_9,-0.0,_10,9.71,_11,8.99,_12,3.3,_13,7.98,_14,51.47,_15,0.91,_16,15.46,_17,1.02,_18,0.09,_19,55.21,_20,0.02,_21,0.0,_22,26.32,_23,28.09,_24,41.57,_25,1.1,_26,5.16,_27,0.56,_28,1.33,_29,0.46,_30,0.07,_31,1.2,_32,272.0,_33,259.92,_34,255.11,_35,260.0,_36,19.18,_37,16.16,_38,6.36,_39,17.55,_40,0.0,_41,98.13,_42,94.23,_43,85.07,_44,75.94,_45,6.98,_46,1541.85,_47,1567.26,_48,48.71,_49,864.91,_50,71.6,_51,8.15,_52,47.39,_53,9.0,_54,6.5,_55,19.91,_56,33.37,_57,56.17,_58,85.36,_59,10.17,_60,66.83,_61,91.93,_62,2.88,_63,86.55,_64,82.82,_65,2.99,_66,2201.7,_67,736.75,_68,16.07,_69,78.03,_70,69.78,_71,35.82,_72,79.17,_73,7.49,_74,33.22,_75,5.9,_76,31.18,_77,1321.97,_78,-0.0,_79,2.37,_80,-6.76,_81,20.71,_82,1.21,_83,2.89,_84,55.0,_85,15.81,_86,36.57,_87,0.0,_88,33.79,_89,397.16,_90,1222.47,_91,42.95,_92,76.69,_93,47.37,_94,75.7,_95,84.57,_96,16.01,_97,12.62,_98,540.21,_99,3940.78,_100,6.12,_101,1410.0,_102,3.26,_103,40.04,_105,0.59,_106,1.35,_107,45.0,_108,45.02,_109,55.84,_110,45.0,_111,23.79,_112,83.15,_113,28.76,_114,91.2,_115,43.14,_116,7.66,_117,78.09,_118,63.7,_119,81.88
MoldingMachine_57,Timestamp_8,2017-01-01T00:01:30Z,_67,736.75,_68,16.07,_69,78.03,_70,67.79,_71,34.15,_72,79.17,_73,7.66,_74,32.68,_75,6.0,_76,31.18,_77,1309.92,_78,-0.0,_79,2.37,_80,-7.76,_81,20.71,_82,1.22,_83,2.32,_84,55.0,_85,15.81,_86,36.57,_87,0.0,_88,33.79,_89,418.16,_90,1224.47,_91,42.95,_92,76.69,_93,47.37,_94,75.7,_95,84.57,_96,16.01,_97,12.62,_98,543.21,_99,4038.78,_100,6.12,_101,1410.0,_102,3.62,_103,41.95,_105,0.57,_106,1.35,_107,45.0,_108,45.22,_109,54.24,_110,45.0,_111,23.02,_112,79.23,_113,28.76,_114,91.2,_115,43.14,_116,7.66,_117,78.09,_118,63.7,_119,81.88,_3,5946.56,_4,1108.86,_5,615.67,_6,3276.0,_7,1.17,_8,300.23,_9,-0.0,_10,9.86,_11,9.47,_12,3.52,_13,18.1,_14,51.47,_15,0.91,_16,15.46,_17,1.06,_18,-0.07,_19,55.21,_20,0.06,_21,0.03,_22,26.32,_23,28.09,_24,41.57,_25,1.1,_26,5.16,_27,0.54,_28,1.33,_29,0.45,_30,0.06,_31,1.2,_32,272.0,_33,260.31,_34,254.73,_35,260.0,_36,18.88,_37,15.84,_38,7.22,_39,17.55,_40,0.0,_41,98.13,_42,94.23,_43,85.07,_44,75.94,_45,6.98,_46,1545.56,_47,1589.24,_48,48.71,_49,894.91,_50,71.6,_51,8.15,_52,47.39,_53,9.0,_54,6.5,_55,19.91,_56,32.29,_57,56.17,_58,85.36,_59,10.17,_60,66.83,_61,91.93,_62,2.88,_63,86.55,_64,82.82,_65,3.1,_66,2214.7
MoldingMachine_57,Timestamp_9,2017-01-01T00:01:40Z,_3,6013.56,_4,1251.95,_5,565.37,_6,3276.0,_7,1.75,_8,5.59,_9,0.0,_10,8.68,_11,9.3,_12,3.36,_13,14.43,_14,51.47,_15,0.92,_16,15.46,_17,1.01,_18,-0.1,_19,55.21,_20,0.01,_21,0.01,_22,26.32,_23,28.09,_24,41.57,_25,1.1,_26,5.16,_27,0.56,_28,1.33,_29,0.46,_30,0.06,_31,1.2,_32,272.0,_33,260.17,_34,255.01,_35,260.0,_36,17.23,_37,15.85,_38,6.55,_39,17.55,_40,0.0,_41,98.13,_42,94.23,_43,85.07,_44,75.94,_45,6.98,_46,1555.71,_47,1522.19,_48,48.71,_49,924.91,_50,71.6,_51,8.15,_52,47.39,_53,9.0,_54,6.5,_55,19.91,_56,32.76,_57,56.17,_58,85.36,_59,10.17,_60,66.83,_61,91.93,_62,2.88,_63,86.55,_64,82.82,_65,3.13,_66,2227.7,_67,736.75,_68,16.07,_69,78.03,_70,69.14,_71,33.04,_72,79.17,_73,7.66,_74,32.99,_75,6.0,_76,31.18,_77,1346.66,_78,0.01,_79,2.37,_80,-8.76,_81,20.71,_82,1.2,_83,2.05,_84,55.0,_85,15.81,_86,36.57,_87,0.0,_88,33.79,_89,439.16,_90,1226.47,_91,42.95,_92,76.69,_93,47.37,_94,75.7,_95,84.57,_96,16.01,_97,12.62,_98,546.21,_99,2929.89,_100,6.12,_101,1410.0,_102,3.31,_103,40.66,_105,0.58,_106,1.41,_107,45.0,_108,44.95,_109,54.39,_110,45.0,_111,23.54,_112,81.89,_113,28.76,_114,91.2,_115,43.14,_116,7.66,_117,78.09,_118,63.7,_119,81.88
MoldingMachine_57,Timestamp_10,2017-01-01T00:01:50Z,_3,6080.56,_4,1240.86,_5,936.04,_6,3276.0,_7,455.9,_8,298.74,_9,0.0,_10,9.57,_11,5.42,_12,3.42,_13,14.63,_14,51.47,_15,0.76,_16,15.46,_17,0.98,_18,0.17,_19,55.21,_20,0.03,_21,0.04,_22,26.32,_23,28.09,_24,41.57,_25,1.1,_26,5.16,_27,0.54,_28,1.33,_29,0.47,_30,0.06,_31,1.2,_32,272.0,_33,259.94,_34,255.03,_35,260.0,_36,17.89,_37,15.06,_38,6.77,_39,17.55,_40,0.0,_41,98.13,_42,94.23,_43,85.07,_44,75.94,_45,6.98,_46,1573.19,_47,1569.84,_48,48.71,_49,954.91,_50,71.6,_51,8.15,_52,47.39,_53,9.0,_54,6.5,_55,19.91,_56,34.03,_57,56.17,_58,85.36,_59,10.17,_60,66.83,_61,91.93,_62,2.88,_63,86.55,_64,82.82,_65,2.91,_66,2240.7,_67,736.75,_68,16.07,_69,78.03,_70,67.32,_71,34.1,_72,79.17,_73,7.7,_74,33.5,_75,5.9,_76,31.18,_77,1326.89,_78,-0.0,_79,2.37,_80,-9.76,_81,20.71,_82,1.22,_83,2.42,_84,53.78,_85,15.81,_86,36.57,_87,0.0,_88,33.79,_89,460.16,_90,1228.47,_91,42.95,_92,76.69,_93,47.37,_94,75.7,_95,84.57,_96,16.01,_97,12.62,_98,549.21,_99,3027.89,_100,6.12,_101,1410.0,_102,3.28,_103,40.42,_105,0.57,_106,1.48,_107,45.0,_108,44.98,_109,54.03,_110,45.0,_111,22.3,_112,80.62,_113,28.76,_114,91.2,_115,43.14,_116,7.66,_117,78.09,_118,63.7,_119,81.88
MoldingMachine_57,Timestamp_11,2017-01-01T00:02:00Z,_3,6147.56,_4,926.23,_5,1058.19,_6,3276.0,_7,455.06,_8,193.0,_9,-0.0,_10,9.84,_11,5.45,_12,3.25,_13,27.7,_14,51.47,_15,1.07,_16,15.46,_17,1.01,_18,0.02,_19,55.21,_20,0.02,_21,-0.01,_22,26.32,_23,28.09,_24,41.57,_25,1.1,_26,5.16,_27,0.54,_28,1.33,_29,0.47,_30,0.06,_31,1.2,_32,272.0,_33,260.15,_34,255.11,_35,260.0,_36,19.36,_37,17.29,_38,6.87,_39,17.55,_40,0.0,_41,98.13,_42,94.23,_43,85.07,_44,75.94,_45,6.98,_46,1573.3,_47,1620.06,_48,48.71,_49,984.91,_50,71.6,_51,8.15,_52,47.39,_53,9.0,_54,6.5,_55,19.91,_56,36.12,_57,56.17,_58,85.36,_59,10.17,_60,66.83,_61,91.93,_62,2.88,_63,86.55,_64,82.82,_65,3.07,_66,2253.7,_67,736.75,_68,16.07,_69,78.03,_70,67.19,_71,33.9,_72,79.17,_73,7.79,_74,33.61,_75,5.9,_76,31.18,_77,1368.29,_78,-0.0,_79,2.37,_80,-10.76,_81,20.71,_82,1.19,_83,2.86,_84,54.22,_85,15.81,_86,36.57,_87,0.0,_88,33.79,_89,481.16,_90,1230.47,_91,42.95,_92,76.69,_93,47.37,_94,75.7,_95,84.57,_96,16.01,_97,12.62,_98,552.21,_99,3125.89,_100,6.12,_101,1410.0,_102,3.39,_103,41.67,_105,0.62,_106,1.46,_107,45.0,_108,44.94,_109,55.19,_110,45.0,_111,22.79,_112,79.99,_113,28.76,_114,91.2,_115,43.14,_116,7.66,_117,78.09,_118,63.7,_119,81.88
MoldingMachine_57,Timestamp_12,2017-01-01T00:02:10Z,_3,6214.56,_4,892.11,_5,1069.37,_6,3276.0,_7,456.71,_8,298.26,_9,-0.0,_10,9.22,_11,4.93,_12,3.57,_13,14.96,_14,51.47,_15,1.14,_16,15.46,_17,0.91,_18,-0.11,_19,55.21,_20,-0.01,_21,0.03,_22,26.32,_23,28.09,_24,41.57,_25,1.1,_26,5.16,_27,0.54,_28,1.33,_29,0.46,_30,0.06,_31,1.2,_32,272.0,_33,260.0,_34,254.93,_35,260.0,_36,17.87,_37,17.06,_38,6.94,_39,17.55,_40,0.0,_41,98.13,_42,94.23,_43,85.07,_44,75.94,_45,6.98,_46,1533.22,_47,1571.36,_48,48.71,_49,1014.91,_50,71.6,_51,8.15,_52,47.39,_53,9.0,_54,5.15,_55,19.91,_56,34.19,_57,56.17,_58,85.36,_59,10.17,_60,66.83,_61,91.93,_62,2.88,_63,86.55,_64,82.82,_65,3.16,_66,2266.7,_67,736.75,_68,16.07,_69,78.03,_70,69.51,_71,32.06,_72,79.17,_73,7.72,_74,32.3,_75,6.0,_76,31.18,_77,1356.93,_78,0.0,_79,2.37,_80,-11.76,_81,20.71,_82,1.21,_83,2.66,_84,54.18,_85,15.81,_86,36.57,_87,0.0,_88,33.79,_89,502.16,_90,1232.47,_91,42.95,_92,76.69,_93,47.37,_94,75.7,_95,84.57,_96,16.01,_97,12.62,_98,555.21,_99,3223.89,_100,6.12,_101,1410.0,_102,3.37,_103,41.05,_105,0.59,_106,1.46,_107,45.0,_108,45.03,_109,55.11,_110,45.0,_111,33.59,_112,81.24,_113,28.76,_114,91.2,_115,43.14,_116,7.66,_117,78.09,_118,63.7,_119,81.88
MoldingMachine_57,Timestamp_13,2017-01-01T00:02:20Z,_3,6281.56,_4,923.9,_5,1108.14,_6,3276.0,_7,455.24,_8,2.32,_9,0.0,_10,8.46,_11,5.34,_12,3.58,_13,21.35,_14,51.47,_15,1.13,_16,15.46,_17,1.1,_18,0.08,_19,55.21,_20,0.02,_21,-0.03,_22,26.32,_23,28.09,_24,41.57,_25,1.1,_26,5.16,_27,0.56,_28,1.33,_29,0.46,_30,0.06,_31,1.2,_32,271.0,_33,260.18,_34,254.92,_35,260.0,_36,19.87,_37,18.34,_38,6.38,_39,17.55,_40,0.0,_41,98.13,_42,94.23,_43,85.07,_44,75.94,_45,6.98,_46,1530.09,_47,1552.66,_48,48.71,_49,1044.91,_50,71.6,_51,8.15,_52,47.39,_53,9.0,_54,5.47,_55,19.91,_56,32.97,_57,56.17,_58,85.36,_59,10.17,_60,66.83,_61,91.93,_62,2.88,_63,86.55,_64,82.82,_65,3.08,_66,2279.7,_67,736.75,_68,16.07,_69,78.03,_70,69.1,_71,34.8,_72,79.17,_73,7.72,_74,33.28,_75,6.0,_76,31.18,_77,1366.12,_78,0.0,_79,2.37,_80,-12.76,_81,20.71,_82,1.2,_83,1.91,_84,53.83,_85,15.81,_86,36.57,_87,0.0,_88,33.79,_89,523.16,_90,1234.47,_91,42.95,_92,76.69,_93,47.37,_94,75.7,_95,84.57,_96,16.01,_97,12.62,_98,309.57,_99,3321.89,_100,6.12,_101,1410.0,_102,3.3,_103,38.57,_105,0.63,_106,1.49,_107,45.0,_108,45.02,_109,55.13,_110,45.0,_111,2.51,_112,78.83,_113,28.76,_114,91.2,_115,43.14,_116,7.66,_117,78.09,_118,63.7,_119,81.88
MoldingMachine_57,Timestamp_14,2017-01-01T00:02:30Z,_3,6316.0,_4,1116.44,_5,1102.6,_6,3276.0,_7,455.16,_8,298.92,_9,0.0,_10,9.08,_11,5.69,_12,3.51,_13,6.57,_14,51.47,_15,0.74,_16,15.46,_17,1.04,_18,-0.1,_19,55.21,_20,0.02,_21,-0.04,_22,26.32,_23,28.09,_24,41.57,_25,1.1,_26,5.16,_27,0.54,_28,1.33,_29,0.46,_30,0.05,_31,1.2,_32,271.0,_33,259.92,_34,254.99,_35,260.0,_36,17.1,_37,18.29,_38,6.45,_39,17.55,_40,0.0,_41,98.13,_42,94.23,_43,85.07,_44,75.94,_45,6.98,_46,1551.95,_47,1621.7,_48,48.71,_49,1074.91,_50,71.6,_51,8.15,_52,47.39,_53,9.0,_54,5.68,_55,19.91,_56,32.59,_57,56.17,_58,85.36,_59,10.17,_60,66.83,_61,91.93,_62,2.88,_63,86.55,_64,82.82,_65,3.1,_66,2292.7,_67,736.75,_68,16.07,_69,78.03,_70,68.84,_71,33.04,_72,79.17,_73,7.67,_74,34.06,_75,5.9,_76,31.18,_77,1350.19,_78,0.01,_79,2.37,_80,-13.76,_81,20.71,_82,1.21,_83,2.59,_84,54.35,_85,15.81,_86,36.57,_87,0.0,_88,33.79,_89,544.16,_90,1236.47,_91,42.95,_92,76.69,_93,47.37,_94,75.7,_95,84.57,_96,16.01,_97,12.62,_98,159.62,_99,3419.89,_100,6.12,_101,1410.0,_102,3.44,_103,40.48,_105,0.63,_106,1.45,_107,45.0,_108,45.34,_109,56.02,_110,45.0,_111,2.45,_112,77.37,_113,28.76,_114,91.2,_115,43.14,_116,7.66,_117,78.09,_118,63.7,_119,81.88
MoldingMachine_57,Timestamp_15,2017-01-01T00:02:40Z,_3,4795.91,_4,1018.18,_5,1100.26,_6,3276.0,_7,454.92,_8,231.07,_9,-0.0,_10,9.52,_11,5.53,_12,3.69,_13,9.99,_14,51.47,_15,1.34,_16,15.46,_17,1.03,_18,-0.14,_19,55.21,_20,-0.03,_21,0.01,_22,26.32,_23,28.09,_24,41.57,_25,1.1,_26,5.16,_27,0.54,_28,1.33,_29,0.46,_30,0.09,_31,1.2,_32,271.0,_33,259.98,_34,254.9,_35,260.0,_36,16.88,_37,17.97,_38,6.68,_39,17.55,_40,0.0,_41,98.13,_42,94.23,_43,85.07,_44,75.94,_45,6.98,_46,1548.97,_47,1583.02,_48,48.71,_49,1104.91,_50,71.6,_51,8.15,_52,47.39,_53,9.0,_54,4.0,_55,19.91,_56,33.65,_57,56.17,_58,85.36,_59,10.17,_60,66.83,_61,91.93,_62,2.88,_63,86.55,_64,82.82,_65,3.02,_66,2305.7,_67,736.75,_68,16.07,_69,78.03,_70,69.26,_71,32.06,_72,79.17,_73,7.73,_74,34.51,_75,5.9,_76,31.18,_77,1386.36,_78,-0.1,_79,2.37,_80,-14.76,_81,20.71,_82,1.22,_83,1.97,_84,55.0,_85,15.81,_86,36.57,_87,0.0,_88,33.79,_89,565.16,_90,1238.47,_91,42.95,_92,76.69,_93,47.37,_94,75.7,_95,84.57,_96,16.01,_97,12.62,_98,162.62,_99,3517.89,_100,6.12,_101,1410.0,_102,3.5,_103,40.83,_105,0.63,_106,1.48,_107,45.0,_108,44.76,_109,56.7,_110,45.0,_111,6.61,_112,80.39,_113,28.76,_114,91.2,_115,43.14,_116,7.66,_117,78.09,_118,63.7,_119,81.88
MoldingMachine_57,Timestamp_16,2017-01-01T00:02:50Z,_3,4862.91,_4,1226.48,_5,1127.2,_6,3276.0,_7,454.89,_8,5.92,_9,0.01,_10,9.93,_11,5.63,_12,3.09,_13,28.37,_14,51.47,_15,0.94,_16,15.46,_17,0.98,_18,0.13,_19,55.21,_20,0.08,_21,-0.01,_22,26.32,_23,28.09,_24,41.57,_25,1.1,_26,5.16,_27,0.54,_28,1.33,_29,0.47,_30,0.09,_31,1.2,_32,271.0,_33,260.0,_34,254.92,_35,260.0,_36,18.41,_37,17.87,_38,6.31,_39,17.55,_40,0.0,_41,98.13,_42,94.23,_43,85.07,_44,75.94,_45,6.98,_46,1557.24,_47,1617.72,_48,48.71,_49,1134.91,_50,71.6,_51,8.15,_52,47.39,_53,9.0,_54,4.0,_55,19.91,_56,32.67,_57,56.17,_58,85.36,_59,10.17,_60,66.83,_61,91.93,_62,2.88,_63,86.55,_64,82.82,_65,2.97,_66,2318.7,_67,736.75,_68,16.07,_69,78.03,_70,68.69,_71,33.46,_72,79.17,_73,7.72,_74,31.97,_75,6.0,_76,31.18,_77,1343.18,_78,-0.1,_79,2.37,_80,-15.76,_81,20.71,_82,1.24,_83,2.48,_84,55.0,_85,15.81,_86,36.57,_87,0.0,_88,33.79,_89,586.16,_90,1240.47,_91,42.95,_92,76.69,_93,47.37,_94,75.7,_95,84.57,_96,16.01,_97,12.62,_98,165.62,_99,3615.89,_100,6.12,_101,1410.0,_102,3.72,_103,39.72,_105,0.59,_106,1.48,_107,45.0,_108,45.08,_109,55.47,_110,45.0,_111,6.31,_112,77.29,_113,28.76,_114,91.2,_115,43.14,_116,7.66,_117,78.09,_118,63.7,_119,81.88
MoldingMachine_57,Timestamp_17,2017-01-01T00:03:00Z,_3,4929.91,_4,984.64,_5,1107.98,_6,3276.0,_7,455.14,_8,293.65,_9,-0.0,_10,9.23,_11,5.8,_12,3.44,_13,12.5,_14,51.47,_15,1.14,_16,15.46,_17,1.03,_18,0.22,_19,55.21,_20,-0.08,_21,0.03,_22,26.32,_23,28.09,_24,41.57,_25,1.1,_26,5.16,_27,0.56,_28,1.33,_29,0.47,_30,0.09,_31,1.2,_32,271.0,_33,259.93,_34,254.85,_35,260.0,_36,17.67,_37,18.28,_38,6.74,_39,17.55,_40,0.0,_41,98.13,_42,94.23,_43,85.07,_44,75.94,_45,6.98,_46,1556.62,_47,1601.16,_48,48.71,_49,1164.91,_50,71.6,_51,8.15,_52,47.39,_53,9.0,_54,4.0,_55,19.91,_56,32.45,_57,56.17,_58,85.36,_59,10.17,_60,66.83,_61,91.93,_62,2.88,_63,86.55,_64,82.82,_65,2.85,_66,2331.7,_67,736.75,_68,16.07,_69,78.03,_70,69.5,_71,34.31,_72,79.17,_73,7.72,_74,32.95,_75,6.1,_76,31.18,_77,1349.83,_78,-0.1,_79,2.37,_80,-16.76,_81,20.71,_82,1.22,_83,2.96,_84,55.0,_85,15.81,_86,36.57,_87,0.0,_88,33.79,_89,607.16,_90,1242.47,_91,42.95,_92,76.69,_93,47.37,_94,75.7,_95,84.57,_96,16.01,_97,12.62,_98,168.62,_99,1068.55,_100,6.12,_101,1410.0,_102,3.27,_103,40.55,_105,0.62,_106,1.45,_107,45.0,_108,45.28,_109,54.28,_110,45.0,_111,6.63,_112,75.0,_113,28.76,_114,91.2,_115,43.14,_116,7.66,_117,78.09,_118,63.7,_119,81.88
MoldingMachine_57,Timestamp_18,2017-01-01T00:03:10Z,_3,4996.91,_4,1004.36,_5,1110.65,_6,3276.0,_7,454.98,_8,185.35,_9,0.0,_10,9.72,_11,5.98,_12,3.54,_13,26.13,_14,51.47,_15,0.82,_16,15.46,_17,0.98,_18,0.08,_19,55.21,_20,0.01,_21,0.02,_22,26.32,_23,28.09,_24,41.57,_25,1.1,_26,5.16,_27,0.56,_28,1.33,_29,0.47,_30,0.09,_31,1.2,_32,271.0,_33,260.07,_34,255.03,_35,260.0,_36,17.8,_37,15.31,_38,6.74,_39,17.55,_40,0.0,_41,98.13,_42,94.23,_43,85.07,_44,75.94,_45,6.98,_46,1581.65,_47,1639.82,_48,48.71,_49,1194.91,_50,71.6,_51,8.15,_52,47.39,_53,9.0,_54,4.0,_55,19.91,_56,34.23,_57,56.17,_58,85.36,_59,10.17,_60,66.83,_61,91.93,_62,2.88,_63,86.55,_64,82.82,_65,3.14,_66,2344.7,_67,736.75,_68,16.07,_69,78.03,_70,69.32,_71,35.12,_72,79.17,_73,7.66,_74,32.88,_75,6.0,_76,31.18,_77,1325.86,_78,-0.1,_79,2.37,_80,-17.76,_81,20.71,_82,1.2,_83,2.7,_84,55.0,_85,15.81,_86,36.57,_87,0.0,_88,33.79,_89,628.16,_90,1244.47,_91,42.95,_92,76.69,_93,47.37,_94,75.7,_95,84.57,_96,16.01,_97,12.62,_98,171.62,_99,1166.55,_100,6.12,_101,1400.0,_102,3.47,_103,41.73,_105,0.61,_106,1.48,_107,45.0,_108,45.18,_109,54.15,_110,45.0,_111,6.58,_112,79.09,_113,28.76,_114,91.2,_115,43.14,_116,7.66,_117,78.09,_118,63.7,_119,81.88
MoldingMachine_57,Timestamp_19,2017-01-01T00:03:20Z,_3,5063.91,_4,1469.52,_5,1122.27,_6,3276.0,_7,454.16,_8,295.3,_9,-0.0,_10,9.99,_11,6.62,_12,3.45,_13,16.37,_14,51.47,_15,0.9,_16,15.46,_17,0.94,_18,-0.14,_19,55.21,_20,-0.07,_21,0.05,_22,26.32,_23,28.09,_24,41.57,_25,1.1,_26,5.16,_27,0.53,_28,1.33,_29,0.47,_30,0.1,_31,1.2,_32,271.0,_33,260.04,_34,254.82,_35,260.0,_36,18.87,_37,14.4,_38,6.55,_39,17.55,_40,0.0,_41,98.13,_42,94.23,_43,85.07,_44,75.94,_45,6.98,_46,1558.98,_47,1598.84,_48,48.71,_49,1224.91,_50,71.6,_51,8.15,_52,47.39,_53,9.0,_54,4.0,_55,19.91,_56,33.49,_57,56.17,_58,85.36,_59,10.17,_60,66.83,_61,91.93,_62,2.88,_63,86.55,_64,82.82,_65,3.16,_66,2357.7,_67,736.75,_68,16.07,_69,78.03,_70,67.39,_71,34.59,_72,79.17,_73,7.67,_74,33.72,_75,6.0,_76,31.18,_77,1361.51,_78,-0.1,_79,2.37,_80,-18.76,_81,20.71,_82,1.2,_83,2.1,_84,55.0,_85,15.81,_86,36.57,_87,0.0,_88,33.79,_89,649.16,_90,1246.47,_91,42.95,_92,76.69,_93,47.37,_94,75.7,_95,84.57,_96,16.01,_97,12.62,_98,174.62,_99,1264.55,_100,6.12,_101,1400.0,_102,3.38,_103,40.37,_105,0.6,_106,1.46,_107,45.0,_108,45.06,_109,55.8,_110,45.0,_111,6.76,_112,79.47,_113,28.76,_114,91.2,_115,43.14,_116,7.66,_117,78.09,_118,63.7,_119,81.88
MoldingMachine_57,Timestamp_20,2017-01-01T00:03:30Z,_3,5130.91,_4,933.72,_5,1107.32,_6,3276.0,_7,454.99,_8,301.23,_9,0.0,_10,8.62,_11,5.24,_12,3.4,_13,6.22,_14,51.47,_15,1.16,_16,15.46,_17,0.96,_18,0.02,_19,55.21,_20,-0.02,_21,-0.03,_22,26.32,_23,28.09,_24,41.57,_25,1.1,_26,5.16,_27,0.56,_28,1.33,_29,0.47,_30,0.1,_31,1.2,_32,271.0,_33,259.97,_34,255.15,_35,260.0,_36,16.19,_37,15.15,_38,7.07,_39,17.55,_40,0.0,_41,98.13,_42,94.23,_43,85.07,_44,75.94,_45,6.98,_46,1563.05,_47,1586.42,_48,48.71,_49,1254.91,_50,71.6,_51,8.15,_52,47.39,_53,9.0,_54,4.0,_55,19.91,_56,34.41,_57,56.17,_58,85.36,_59,10.17,_60,66.83,_61,91.93,_62,2.88,_63,86.55,_64,82.82,_65,3.09,_66,2370.7,_67,736.75,_68,16.07,_69,78.03,_70,69.64,_71,37.7,_72,79.17,_73,7.64,_74,31.62,_75,6.1,_76,31.18,_77,1340.72,_78,-0.1,_79,2.37,_80,-19.76,_81,20.71,_82,1.21,_83,1.96,_84,55.0,_85,15.81,_86,36.57,_87,0.0,_88,33.79,_89,670.16,_90,1248.47,_91,42.95,_92,76.69,_93,47.37,_94,75.7,_95,84.57,_96,16.01,_97,12.62,_98,177.62,_99,1362.55,_100,6.12,_101,1400.0,_102,3.36,_103,40.32,_105,0.61,_106,1.53,_107,45.0,_108,45.32,_109,53.9,_110,45.0,_111,6.61,_112,82.42,_113,28.76,_114,91.2,_115,43.14,_116,7.66,_117,78.09,_118,63.7,_119,81.88
MoldingMachine_57,Timestamp_21,2017-01-01T00:03:40Z,_3,5197.91,_4,744.88,_5,1129.79,_6,3276.0,_7,454.73,_8,293.94,_9,-0.0,_10,9.58,_11,5.67,_12,3.35,_13,6.4,_14,51.47,_15,0.94,_16,15.46,_17,0.98,_18,0.07,_19,55.21,_20,-0.07,_21,-0.03,_22,26.32,_23,28.09,_24,41.57,_25,1.1,_26,5.16,_27,0.54,_28,1.33,_29,0.47,_30,0.09,_31,1.2,_32,271.0,_33,260.19,_34,255.06,_35,260.0,_36,19.44,_37,13.12,_38,6.32,_39,17.55,_40,0.0,_41,98.13,_42,94.23,_43,85.07,_44,75.94,_45,6.98,_46,1541.31,_47,1548.29,_48,48.71,_49,1284.91,_50,71.6,_51,8.15,_52,47.39,_53,9.0,_54,4.0,_55,19.91,_56,33.77,_57,56.17,_58,85.36,_59,10.17,_60,66.83,_61,91.93,_62,2.88,_63,86.55,_64,82.82,_65,3.12,_66,2383.7,_67,736.75,_68,16.07,_69,78.03,_70,68.59,_71,29.75,_72,79.17,_73,7.71,_74,35.82,_75,6.0,_76,31.18,_77,1350.96,_78,-0.1,_79,2.37,_80,-20.76,_81,20.71,_82,1.23,_83,2.77,_84,55.0,_85,15.81,_86,36.57,_87,0.0,_88,33.79,_89,691.16,_90,1250.47,_91,42.95,_92,76.69,_93,47.37,_94,75.7,_95,84.57,_96,16.01,_97,12.62,_98,180.62,_99,386.74,_100,6.12,_101,1400.0,_102,3.35,_103,39.73,_105,0.6,_106,1.53,_107,45.0,_108,44.75,_109,54.54,_110,45.0,_111,6.7,_112,81.06,_113,28.76,_114,91.2,_115,43.14,_116,7.66,_117,78.09,_118,63.7,_119,81.88
MoldingMachine_57,Timestamp_22,2017-01-01T00:03:50Z,_3,5264.91,_4,1140.64,_5,1102.27,_6,3276.0,_7,455.63,_8,87.66,_9,-0.0,_10,9.48,_11,5.67,_12,3.65,_13,20.82,_14,51.47,_15,0.77,_16,15.46,_17,1.03,_18,-0.2,_19,55.21,_20,-0.0,_21,-0.01,_22,26.32,_23,28.09,_24,41.57,_25,1.1,_26,5.16,_27,0.56,_28,1.33,_29,0.46,_30,0.09,_31,1.2,_32,271.0,_33,259.88,_34,254.76,_35,260.0,_36,16.9,_37,13.06,_38,6.97,_39,17.55,_40,0.0,_41,98.13,_42,94.23,_43,85.07,_44,75.94,_45,6.98,_46,1553.94,_47,1603.37,_48,48.71,_49,1314.91,_50,71.6,_51,8.15,_52,47.39,_53,9.0,_54,4.0,_55,19.91,_56,35.06,_57,56.17,_58,85.36,_59,10.17,_60,66.83,_61,91.93,_62,2.88,_63,86.55,_64,82.82,_65,2.9,_66,2396.7,_67,736.75,_68,16.07,_69,78.03,_70,69.56,_71,31.81,_72,79.17,_73,7.71,_74,32.19,_75,6.0,_76,31.18,_77,1346.86,_78,-0.1,_79,2.37,_80,-21.76,_81,20.71,_82,1.24,_83,2.15,_84,55.0,_85,15.81,_86,36.57,_87,0.0,_88,33.79,_89,712.16,_90,1252.47,_91,42.95,_92,76.69,_93,47.37,_94,75.7,_95,84.57,_96,16.01,_97,12.62,_98,37.47,_99,484.74,_100,6.12,_101,1400.0,_102,3.4,_103,40.18,_105,0.6,_106,1.54,_107,45.0,_108,45.01,_109,57.23,_110,45.0,_111,7.31,_112,81.2,_113,28.76,_114,91.2,_115,43.14,_116,7.66,_117,78.09,_118,63.7,_119,81.88
MoldingMachine_57,Timestamp_23,2017-01-01T00:04:00Z,_3,2830.48,_4,996.8,_5,1110.44,_6,3276.0,_7,455.25,_8,299.49,_9,0.01,_10,9.55,_11,5.83,_12,3.38,_13,7.43,_14,51.47,_15,1.01,_16,15.46,_17,1.07,_18,-0.09,_19,55.21,_20,-0.04,_21,0.01,_22,26.32,_23,28.09,_24,41.57,_25,1.1,_26,5.16,_27,0.56,_28,1.33,_29,0.46,_30,0.09,_31,1.2,_32,271.0,_33,260.14,_34,254.96,_35,260.0,_36,19.33,_37,13.58,_38,6.67,_39,17.55,_40,0.0,_41,98.13,_42,94.23,_43,85.07,_44,75.94,_45,6.98,_46,1534.27,_47,1542.7,_48,48.71,_49,1344.91,_50,71.6,_51,8.15,_52,47.39,_53,9.0,_54,4.0,_55,19.91,_56,32.48,_57,56.17,_58,85.36,_59,10.17,_60,66.83,_61,91.93,_62,2.88,_63,86.55,_64,82.82,_65,3.0,_66,2409.7,_67,736.75,_68,16.07,_69,78.03,_70,68.72,_71,32.36,_72,79.17,_73,7.79,_74,33.02,_75,6.0,_76,31.18,_77,1318.09,_78,-0.1,_79,2.37,_80,-22.76,_81,20.71,_82,1.24,_83,2.8,_84,55.0,_85,15.81,_86,36.57,_87,0.0,_88,33.79,_89,733.16,_90,1254.47,_91,42.95,_92,76.69,_93,47.37,_94,75.7,_95,84.57,_96,16.01,_97,12.62,_98,40.47,_99,582.74,_100,6.12,_101,1400.0,_102,3.41,_103,40.86,_105,0.6,_106,1.56,_107,45.0,_108,44.87,_109,55.63,_110,45.0,_111,6.38,_112,79.0,_113,28.76,_114,91.2,_115,43.14,_116,7.66,_117,78.09,_118,63.7,_119,81.88
MoldingMachine_57,Timestamp_24,2017-01-01T00:04:10Z,_3,2897.48,_4,1149.8,_5,1104.0,_6,3276.0,_7,457.12,_8,-0.98,_9,0.0,_10,9.53,_11,5.85,_12,3.73,_13,19.74,_14,51.47,_15,0.86,_16,15.46,_17,1.07,_18,0.12,_19,55.21,_20,0.09,_21,-0.08,_22,26.32,_23,28.09,_24,41.57,_25,1.1,_26,5.16,_27,0.54,_28,1.33,_29,0.47,_30,0.1,_31,1.2,_32,271.0,_33,259.98,_34,255.03,_35,260.0,_36,17.66,_37,13.19,_38,6.66,_39,17.55,_40,0.0,_41,98.13,_42,94.23,_43,85.07,_44,75.94,_45,6.98,_46,1535.35,_47,1624.36,_48,48.71,_49,1374.91,_50,71.6,_51,8.15,_52,47.39,_53,9.0,_54,4.0,_55,19.91,_56,32.67,_57,56.17,_58,85.36,_59,10.17,_60,66.83,_61,91.93,_62,2.88,_63,86.55,_64,82.82,_65,2.94,_66,2422.7,_67,736.75,_68,16.07,_69,78.03,_70,69.57,_71,36.24,_72,79.17,_73,7.68,_74,32.33,_75,6.0,_76,31.18,_77,1351.22,_78,-0.1,_79,2.37,_80,-23.76,_81,20.71,_82,1.24,_83,2.41,_84,55.0,_85,15.81,_86,36.57,_87,0.0,_88,33.79,_89,754.16,_90,1256.47,_91,42.95,_92,76.69,_93,47.37,_94,75.7,_95,84.57,_96,16.01,_97,12.62,_98,43.47,_99,445.09,_100,6.12,_101,1400.0,_102,3.32,_103,40.4,_105,0.6,_106,1.59,_107,45.0,_108,45.1,_109,56.5,_110,45.0,_111,6.86,_112,79.16,_113,28.76,_114,91.2,_115,43.14,_116,7.66,_117,78.09,_118,63.7,_119,81.88
MoldingMachine_57,Timestamp_25,2017-01-01T00:04:20Z,_3,963.88,_4,1201.23,_5,1108.5,_6,47.43,_7,455.7,_8,298.55,_9,0.0,_10,9.89,_11,5.71,_12,3.01,_13,7.66,_14,51.47,_15,0.91,_16,15.46,_17,0.96,_18,-0.02,_19,55.21,_20,-0.01,_21,0.03,_22,26.32,_23,28.09,_24,41.57,_25,1.1,_26,5.16,_27,0.54,_28,1.33,_29,0.47,_30,0.09,_31,1.2,_32,271.0,_33,260.02,_34,255.08,_35,260.0,_36,19.05,_37,12.36,_38,6.67,_39,17.55,_40,0.0,_41,98.13,_42,94.23,_43,85.07,_44,75.94,_45,6.98,_46,1521.98,_47,1609.36,_48,48.71,_49,1404.91,_50,71.6,_51,8.15,_52,47.39,_53,9.0,_54,4.0,_55,19.91,_56,33.43,_57,56.17,_58,85.36,_59,10.17,_60,66.83,_61,91.93,_62,2.88,_63,86.55,_64,82.82,_65,3.04,_66,2435.7,_67,736.75,_68,16.07,_69,78.03,_70,69.11,_71,31.93,_72,79.17,_73,7.72,_74,33.14,_75,6.0,_76,31.18,_77,1337.6,_78,-0.1,_79,2.37,_80,-24.76,_81,20.71,_82,1.2,_83,2.91,_84,54.12,_85,15.81,_86,36.57,_87,0.0,_88,33.79,_89,775.16,_90,1258.47,_91,42.95,_92,76.69,_93,47.37,_94,75.7,_95,84.57,_96,16.01,_97,12.62,_98,6.92,_99,543.09,_100,6.12,_101,1400.0,_102,3.38,_103,39.73,_105,0.59,_106,1.57,_107,45.0,_108,44.9,_109,55.64,_110,45.0,_111,7.07,_112,80.51,_113,28.76,_114,91.2,_115,43.14,_116,7.66,_117,78.09,_118,63.7,_119,81.88
MoldingMachine_57,Timestamp_26,2017-01-01T00:04:30Z,_3,1030.88,_4,1210.97,_5,1123.5,_6,50.38,_7,455.63,_8,295.83,_9,0.0,_10,8.71,_11,6.0,_12,3.07,_13,27.11,_14,51.47,_15,1.11,_16,15.46,_17,0.97,_18,0.01,_19,55.21,_20,-0.04,_21,-0.02,_22,26.32,_23,28.09,_24,41.57,_25,1.1,_26,5.16,_27,0.56,_28,1.33,_29,0.46,_30,0.09,_31,1.2,_32,271.0,_33,260.07,_34,254.97,_35,260.0,_36,19.61,_37,12.36,_38,6.5,_39,17.55,_40,0.0,_41,98.13,_42,94.23,_43,85.07,_44,75.94,_45,6.98,_46,1540.7,_47,1623.52,_48,48.71,_49,1434.91,_50,71.6,_51,8.15,_52,47.39,_53,9.0,_54,4.0,_55,19.91,_56,33.32,_57,56.17,_58,85.36,_59,10.17,_60,66.83,_61,91.93,_62,2.88,_63,86.55,_64,82.82,_65,3.12,_66,2448.7,_67,736.75,_68,16.07,_69,78.03,_70,70.4,_71,32.94,_72,79.17,_73,7.7,_74,32.71,_75,6.0,_76,31.18,_77,1349.7,_78,-0.1,_79,2.37,_80,-25.76,_81,20.71,_82,1.21,_83,2.2,_84,54.18,_85,15.81,_86,36.57,_87,0.0,_88,33.79,_89,796.16,_90,1260.47,_91,42.95,_92,76.69,_93,47.37,_94,75.7,_95,84.57,_96,16.01,_97,12.62,_98,8.75,_99,641.09,_100,6.12,_101,1400.0,_102,3.29,_103,41.22,_105,0.62,_106,1.56,_107,45.0,_108,44.93,_109,56.59,_110,45.0,_111,7.06,_112,80.6,_113,28.76,_114,91.2,_115,43.14,_116,7.66,_117,78.09,_118,63.7,_119,81.88
MoldingMachine_57,Timestamp_27,2017-01-01T00:04:40Z,_3,110.42,_4,1129.84,_5,1154.16,_6,42.59,_7,454.6,_8,163.54,_9,-0.0,_10,10.24,_11,5.57,_12,3.3,_13,9.37,_14,51.47,_15,0.97,_16,15.46,_17,1.03,_18,-0.03,_19,55.21,_20,0.02,_21,-0.02,_22,26.32,_23,28.09,_24,41.57,_25,1.1,_26,5.16,_27,0.54,_28,1.33,_29,0.47,_30,0.08,_31,1.2,_32,271.0,_33,259.82,_34,255.13,_35,260.0,_36,18.78,_37,11.82,_38,6.81,_39,17.55,_40,451.38,_41,98.13,_42,94.23,_43,85.07,_44,75.94,_45,6.98,_46,1530.48,_47,1593.02,_48,48.71,_49,1464.91,_50,71.6,_51,8.15,_52,47.39,_53,9.0,_54,4.0,_55,19.91,_56,32.55,_57,56.17,_58,85.36,_59,10.17,_60,66.83,_61,91.93,_62,2.88,_63,86.55,_64,82.82,_65,3.24,_66,2461.7,_67,736.75,_68,16.07,_69,78.03,_70,68.16,_71,32.15,_72,79.17,_73,7.62,_74,32.85,_75,5.9,_76,31.18,_77,1328.32,_78,-0.1,_79,2.37,_80,-26.76,_81,20.71,_82,1.23,_83,1.92,_84,54.15,_85,15.81,_86,36.57,_87,0.0,_88,33.79,_89,817.16,_90,1262.47,_91,42.95,_92,76.69,_93,47.37,_94,75.7,_95,84.57,_96,16.01,_97,12.62,_98,11.75,_99,651.03,_100,6.12,_101,1400.0,_102,3.28,_103,40.01,_105,0.63,_106,1.56,_107,45.0,_108,44.9,_109,54.21,_110,45.0,_111,7.09,_112,79.32,_113,28.76,_114,91.2,_115,43.14,_116,7.66,_117,78.09,_118,63.7,_119,81.88
MoldingMachine_57,Timestamp_28,2017-01-01T00:04:50Z,_3,177.42,_4,1060.92,_5,1158.89,_6,51.23,_7,455.31,_8,302.23,_9,0.01,_10,8.69,_11,5.56,_12,3.54,_13,20.89,_14,51.47,_15,0.8,_16,15.46,_17,0.97,_18,0.19,_19,55.21,_20,0.03,_21,-0.01,_22,26.32,_23,28.09,_24,41.57,_25,1.1,_26,5.16,_27,0.56,_28,1.33,_29,0.46,_30,0.09,_31,1.2,_32,271.0,_33,260.03,_34,254.94,_35,260.0,_36,16.83,_37,12.26,_38,6.51,_39,17.55,_40,453.67,_41,98.13,_42,94.23,_43,85.07,_44,75.94,_45,6.98,_46,1558.92,_47,1606.6,_48,48.71,_49,1494.91,_50,71.6,_51,8.15,_52,47.39,_53,9.0,_54,4.0,_55,19.91,_56,33.42,_57,56.17,_58,85.36,_59,10.17,_60,66.83,_61,91.93,_62,2.88,_63,86.55,_64,82.82,_65,3.05,_66,2474.7,_67,736.75,_68,16.07,_69,78.03,_70,67.84,_71,33.2,_72,79.17,_73,7.72,_74,32.72,_75,5.9,_76,31.18,_77,1353.79,_78,-0.1,_79,2.37,_80,-27.76,_81,20.71,_82,1.2,_83,2.43,_84,54.18,_85,15.81,_86,36.57,_87,0.0,_88,33.79,_89,838.16,_90,1264.47,_91,42.95,_92,76.69,_93,47.37,_94,75.7,_95,84.57,_96,16.01,_97,12.62,_98,14.75,_99,749.03,_100,6.12,_101,1400.0,_102,3.48,_103,38.84,_105,0.63,_106,1.57,_107,45.0,_108,44.92,_109,55.34,_110,45.0,_111,6.81,_112,77.99,_113,28.76,_114,91.2,_115,43.14,_116,7.66,_117,78.09,_118,63.7,_119,81.88
MoldingMachine_57,Timestamp_29,2017-01-01T00:05:00Z,_3,244.42,_4,1195.62,_5,1156.15,_6,45.15,_7,455.18,_8,6.94,_9,-0.0,_10,9.69,_11,4.9,_12,3.43,_13,16.81,_14,51.47,_15,1.16,_16,15.46,_17,1.01,_18,0.04,_19,55.21,_20,-0.03,_21,0.02,_22,26.32,_23,28.09,_24,41.57,_25,1.1,_26,5.16,_27,0.54,_28,1.33,_29,0.46,_30,0.09,_31,1.2,_32,271.0,_33,260.11,_34,255.0,_35,260.0,_36,18.06,_37,10.81,_38,6.13,_39,17.55,_40,454.24,_41,98.13,_42,94.23,_43,85.07,_44,75.94,_45,6.98,_46,1553.92,_47,1599.53,_48,48.71,_49,1524.91,_50,71.6,_51,8.15,_52,47.39,_53,9.0,_54,4.0,_55,19.91,_56,33.54,_57,56.17,_58,85.36,_59,10.17,_60,66.83,_61,91.93,_62,2.88,_63,86.55,_64,82.82,_65,3.11,_66,2487.7,_67,736.75,_68,16.07,_69,78.03,_70,69.54,_71,32.49,_72,79.17,_73,7.74,_74,31.9,_75,5.9,_76,31.18,_77,1328.9,_78,-0.1,_79,2.37,_80,-28.76,_81,20.71,_82,1.21,_83,1.95,_84,53.99,_85,15.81,_86,36.57,_87,0.0,_88,33.79,_89,859.16,_90,1266.47,_91,42.95,_92,76.69,_93,47.37,_94,75.7,_95,84.57,_96,16.01,_97,12.62,_98,17.75,_99,847.03,_100,6.12,_101,1400.0,_102,3.22,_103,41.25,_105,0.61,_106,1.57,_107,45.0,_108,44.86,_109,54.48,_110,45.0,_111,6.36,_112,80.06,_113,28.76,_114,91.2,_115,43.14,_116,7.66,_117,78.09,_118,63.7,_119,81.88
MoldingMachine_57,Timestamp_30,2017-01-01T00:05:10Z,_3,311.42,_4,991.32,_5,1152.3,_6,56.03,_7,453.95,_8,188.48,_9,0.0,_10,9.65,_11,5.74,_12,3.51,_13,17.66,_14,51.47,_15,1.08,_16,15.46,_17,1.04,_18,0.13,_19,55.21,_20,0.02,_21,-0.03,_22,26.32,_23,28.09,_24,41.57,_25,1.1,_26,5.16,_27,0.54,_28,1.33,_29,0.47,_30,0.09,_31,1.2,_32,270.0,_33,259.85,_34,255.1,_35,260.0,_36,18.6,_37,11.26,_38,6.5,_39,17.55,_40,455.35,_41,98.13,_42,94.23,_43,85.07,_44,75.94,_45,6.98,_46,1556.01,_47,1650.7,_48,48.71,_49,1554.91,_50,71.6,_51,8.15,_52,47.39,_53,9.0,_54,4.0,_55,19.91,_56,34.07,_57,56.17,_58,85.36,_59,10.17,_60,66.83,_61,91.93,_62,2.88,_63,86.55,_64,82.82,_65,2.99,_66,2500.7,_67,736.75,_68,16.07,_69,78.03,_70,70.51,_71,34.5,_72,79.17,_73,7.62,_74,35.32,_75,5.9,_76,31.18,_77,1358.22,_78,-0.1,_79,2.37,_80,-29.76,_81,20.71,_82,1.2,_83,2.72,_84,54.13,_85,15.81,_86,36.57,_87,0.0,_88,33.79,_89,880.16,_90,1268.47,_91,42.95,_92,76.69,_93,47.37,_94,75.7,_95,84.57,_96,16.01,_97,12.62,_98,20.75,_99,945.03,_100,6.12,_101,1400.0,_102,3.34,_103,39.56,_105,0.65,_106,1.58,_107,45.0,_108,45.08,_109,54.99,_110,45.0,_111,6.79,_112,79.29,_113,28.76,_114,91.2,_115,43.14,_116,7.66,_117,78.09,_118,63.7,_119,81.88
MoldingMachine_57,Timestamp_31,2017-01-01T00:05:20Z,_3,378.42,_4,598.58,_5,1153.11,_6,48.27,_7,455.18,_8,302.66,_9,-0.01,_10,9.43,_11,5.52,_12,3.46,_13,27.8,_14,51.47,_15,1.33,_16,15.46,_17,1.0,_18,0.11,_19,55.21,_20,-0.02,_21,-0.01,_22,26.32,_23,28.09,_24,41.57,_25,1.1,_26,5.16,_27,0.56,_28,1.33,_29,0.46,_30,0.09,_31,1.2,_32,270.0,_33,260.06,_34,254.9,_35,260.0,_36,17.27,_37,10.97,_38,6.96,_39,17.55,_40,456.68,_41,98.13,_42,94.23,_43,85.07,_44,75.94,_45,6.98,_46,1571.17,_47,1593.34,_48,48.71,_49,1584.91,_50,71.6,_51,8.15,_52,47.39,_53,9.0,_54,4.0,_55,19.91,_56,33.49,_57,56.17,_58,85.36,_59,10.17,_60,66.83,_61,91.93,_62,2.88,_63,86.55,_64,82.82,_65,2.94,_66,2513.7,_67,736.75,_68,16.07,_69,78.03,_70,68.16,_71,31.37,_72,79.17,_73,7.69,_74,34.0,_75,6.0,_76,31.18,_77,1339.37,_78,-0.1,_79,2.37,_80,-30.76,_81,20.71,_82,1.23,_83,2.44,_84,54.13,_85,15.81,_86,36.57,_87,0.0,_88,33.79,_89,901.16,_90,1270.47,_91,42.95,_92,76.69,_93,47.37,_94,75.7,_95,84.57,_96,16.01,_97,12.62,_98,23.75,_99,1043.03,_100,6.12,_101,1400.0,_102,3.41,_103,39.68,_105,0.62,_106,1.56,_107,45.0,_108,45.02,_109,56.0,_110,45.0,_111,6.81,_112,77.59,_113,28.76,_114,91.2,_115,43.14,_116,7.66,_117,78.09,_118,63.7,_119,81.88
MoldingMachine_57,Timestamp_32,2017-01-01T00:05:30Z,_3,445.42,_4,1267.46,_5,1160.57,_6,46.61,_7,455.67,_8,268.55,_9,-0.0,_10,9.15,_11,5.35,_12,3.14,_13,6.84,_14,51.47,_15,1.14,_16,15.46,_17,1.04,_18,0.03,_19,55.21,_20,-0.06,_21,-0.04,_22,26.32,_23,28.09,_24,41.57,_25,1.1,_26,5.16,_27,0.54,_28,1.33,_29,0.47,_30,0.1,_31,1.2,_32,270.0,_33,260.0,_34,254.88,_35,260.0,_36,17.08,_37,10.69,_38,6.98,_39,17.55,_40,455.98,_41,98.13,_42,94.23,_43,85.07,_44,75.94,_45,6.98,_46,1537.53,_47,1573.78,_48,48.71,_49,1614.91,_50,71.6,_51,8.15,_52,47.39,_53,9.0,_54,4.0,_55,19.91,_56,34.48,_57,56.17,_58,85.36,_59,10.17,_60,66.83,_61,91.93,_62,2.88,_63,86.55,_64,82.82,_65,3.02,_66,2526.7,_67,736.75,_68,16.07,_69,78.03,_70,68.58,_71,32.76,_72,79.17,_73,7.73,_74,34.75,_75,6.0,_76,31.18,_77,1315.76,_78,-0.1,_79,2.37,_80,-31.76,_81,20.71,_82,1.22,_83,2.7,_84,54.08,_85,15.81,_86,36.57,_87,0.0,_88,33.79,_89,922.16,_90,1272.47,_91,42.95,_92,76.69,_93,47.37,_94,75.7,_95,84.57,_96,16.01,_97,12.62,_98,26.75,_99,1141.03,_100,6.12,_101,1400.0,_102,3.36,_103,41.11,_105,0.61,_106,1.59,_107,45.0,_108,45.05,_109,54.76,_110,45.0,_111,6.54,_112,78.7,_113,28.76,_114,91.2,_115,43.14,_116,7.66,_117,78.09,_118,63.7,_119,81.88
MoldingMachine_57,Timestamp_33,2017-01-01T00:05:40Z,_3,512.42,_4,761.23,_5,1165.02,_6,43.0,_7,455.12,_8,298.86,_9,-0.0,_10,8.59,_11,5.73,_12,3.48,_13,21.19,_14,51.47,_15,1.02,_16,15.46,_17,0.97,_18,-0.38,_19,55.21,_20,-0.07,_21,-0.0,_22,26.32,_23,28.09,_24,41.57,_25,1.1,_26,5.16,_27,0.54,_28,1.33,_29,0.47,_30,0.1,_31,1.2,_32,270.0,_33,260.01,_34,255.07,_35,260.0,_36,17.06,_37,10.79,_38,7.12,_39,17.55,_40,453.43,_41,98.13,_42,94.23,_43,85.07,_44,75.94,_45,6.98,_46,1539.27,_47,1625.2,_48,48.71,_49,1644.91,_50,71.6,_51,8.15,_52,47.39,_53,9.0,_54,4.0,_55,19.91,_56,33.69,_57,56.17,_58,85.36,_59,10.17,_60,66.83,_61,91.93,_62,2.88,_63,86.55,_64,82.82,_65,3.06,_66,2539.7,_67,736.75,_68,16.07,_69,78.03,_70,70.47,_71,33.58,_72,79.17,_73,7.7,_74,34.58,_75,5.9,_76,31.18,_77,1354.56,_78,-0.1,_79,2.37,_80,-32.76,_81,20.71,_82,1.22,_83,2.25,_84,53.81,_85,15.81,_86,36.57,_87,0.0,_88,33.79,_89,943.16,_90,1274.47,_91,42.95,_92,76.69,_93,47.37,_94,75.7,_95,84.57,_96,16.01,_97,12.62,_98,29.75,_99,287.98,_100,6.12,_101,1400.0,_102,3.32,_103,40.7,_105,0.62,_106,1.57,_107,45.0,_108,45.01,_109,55.07,_110,45.0,_111,6.9,_112,77.75,_113,28.76,_114,91.2,_115,43.14,_116,7.66,_117,78.09,_118,63.7,_119,81.88
MoldingMachine_57,Timestamp_34,2017-01-01T00:05:50Z,_3,579.42,_4,1131.31,_5,1161.94,_6,44.76,_7,455.73,_8,301.73,_9,0.0,_10,9.32,_11,5.56,_12,3.22,_13,5.57,_14,51.47,_15,0.95,_16,15.46,_17,0.99,_18,-0.05,_19,55.21,_20,-0.01,_21,0.02,_22,26.32,_23,28.09,_24,41.57,_25,1.1,_26,5.16,_27,0.54,_28,1.33,_29,0.46,_30,0.09,_31,1.2,_32,270.0,_33,259.9,_34,255.09,_35,260.0,_36,18.52,_37,11.12,_38,6.56,_39,17.55,_40,455.49,_41,98.13,_42,94.23,_43,85.07,_44,75.94,_45,6.98,_46,1563.23,_47,1566.08,_48,48.71,_49,1674.91,_50,71.6,_51,8.15,_52,47.39,_53,9.0,_54,4.0,_55,19.91,_56,33.78,_57,56.17,_58,85.36,_59,10.17,_60,66.83,_61,91.93,_62,2.88,_63,86.55,_64,82.82,_65,3.07,_66,2552.7,_67,736.75,_68,16.07,_69,78.03,_70,67.53,_71,37.33,_72,79.17,_73,7.61,_74,35.32,_75,5.9,_76,31.18,_77,1165.65,_78,-0.1,_79,2.37,_80,-33.76,_81,20.71,_82,1.22,_83,1.93,_84,54.2,_85,15.81,_86,36.57,_87,0.0,_88,33.79,_89,964.16,_90,1276.47,_91,42.95,_92,76.69,_93,47.37,_94,75.7,_95,84.57,_96,16.01,_97,12.62,_98,18.55,_99,153.25,_100,6.12,_101,1400.0,_102,3.32,_103,40.99,_105,0.63,_106,1.61,_107,45.0,_108,45.15,_109,54.61,_110,45.0,_111,6.45,_112,78.54,_113,28.76,_114,91.2,_115,43.14,_116,7.66,_117,78.09,_118,63.7,_119,81.88
MoldingMachine_57,Timestamp_35,2017-01-01T00:06:00Z,_3,646.42,_4,1094.04,_5,1155.1,_6,46.83,_7,455.69,_8,-0.07,_9,-0.0,_10,9.83,_11,5.61,_12,3.6,_13,7.48,_14,51.47,_15,0.75,_16,15.46,_17,1.04,_18,0.05,_19,55.21,_20,0.03,_21,-0.0,_22,26.32,_23,28.09,_24,41.57,_25,1.1,_26,5.16,_27,0.54,_28,1.33,_29,0.46,_30,0.08,_31,1.2,_32,270.0,_33,259.85,_34,254.95,_35,260.0,_36,17.87,_37,10.74,_38,6.73,_39,17.55,_40,454.68,_41,98.13,_42,94.23,_43,85.07,_44,75.94,_45,6.98,_46,1556.68,_47,1571.8,_48,48.71,_49,1704.91,_50,71.6,_51,8.15,_52,47.39,_53,9.0,_54,4.0,_55,19.91,_56,33.64,_57,56.17,_58,85.36,_59,10.17,_60,66.83,_61,91.93,_62,2.88,_63,86.55,_64,82.82,_65,3.06,_66,2565.7,_67,736.75,_68,16.07,_69,78.03,_70,68.57,_71,33.8,_72,79.17,_73,7.62,_74,32.98,_75,5.9,_76,31.18,_77,1168.35,_78,-0.1,_79,2.37,_80,-34.76,_81,20.71,_82,1.24,_83,1.58,_84,54.13,_85,15.81,_86,36.57,_87,0.0,_88,33.79,_89,985.16,_90,1278.47,_91,42.95,_92,76.69,_93,47.37,_94,75.7,_95,84.57,_96,16.01,_97,12.62,_98,21.55,_99,251.25,_100,6.12,_101,1400.0,_102,3.38,_103,39.19,_105,0.62,_106,1.6,_107,45.0,_108,45.08,_109,50.5,_110,45.0,_111,6.67,_112,83.5,_113,28.76,_114,91.2,_115,43.14,_116,7.66,_117,78.09,_118,63.7,_119,81.88
MoldingMachine_57,Timestamp_36,2017-01-01T00:06:10Z,_3,614.96,_4,1255.94,_5,1162.5,_6,46.17,_7,454.99,_8,296.92,_9,-0.0,_10,9.31,_11,6.0,_12,3.17,_13,16.99,_14,51.47,_15,1.01,_16,15.46,_17,1.02,_18,0.09,_19,55.21,_20,-0.03,_21,0.0,_22,26.32,_23,28.09,_24,41.57,_25,1.1,_26,5.16,_27,0.56,_28,1.33,_29,0.45,_30,0.07,_31,1.2,_32,270.0,_33,259.97,_34,254.97,_35,260.0,_36,16.6,_37,10.5,_38,6.92,_39,17.55,_40,455.99,_41,98.13,_42,94.23,_43,85.07,_44,75.94,_45,6.98,_46,1556.44,_47,1602.29,_48,48.71,_49,1734.91,_50,71.6,_51,8.15,_52,47.39,_53,9.0,_54,4.0,_55,19.91,_56,33.11,_57,56.17,_58,85.36,_59,10.17,_60,66.83,_61,91.93,_62,2.88,_63,86.55,_64,82.82,_65,2.97,_66,2578.7,_67,736.75,_68,16.07,_69,78.03,_70,69.33,_71,32.71,_72,79.17,_73,7.67,_74,32.64,_75,6.0,_76,31.18,_77,1163.03,_78,-0.1,_79,2.37,_80,-35.76,_81,20.71,_82,1.22,_83,2.57,_84,53.84,_85,15.81,_86,36.57,_87,0.0,_88,33.79,_89,1006.16,_90,1280.47,_91,42.95,_92,76.69,_93,47.37,_94,75.7,_95,84.57,_96,16.01,_97,12.62,_98,14.72,_99,290.76,_100,6.12,_101,1400.0,_102,3.35,_103,38.86,_105,0.62,_106,1.62,_107,45.0,_108,44.75,_109,51.98,_110,45.0,_111,6.66,_112,79.56,_113,28.76,_114,91.2,_115,43.14,_116,7.66,_117,78.09,_118,63.7,_119,81.88
MoldingMachine_57,Timestamp_37,2017-01-01T00:06:20Z,_3,681.96,_4,1046.73,_5,1150.74,_6,48.53,_7,455.62,_8,300.46,_9,-0.0,_10,9.65,_11,5.41,_12,3.2,_13,28.71,_14,51.47,_15,0.88,_16,15.46,_17,1.03,_18,0.18,_19,55.21,_20,-0.01,_21,-0.01,_22,26.32,_23,28.09,_24,41.57,_25,1.1,_26,5.16,_27,0.54,_28,1.33,_29,0.47,_30,0.06,_31,1.2,_32,270.0,_33,259.92,_34,255.03,_35,260.0,_36,19.77,_37,10.64,_38,6.77,_39,17.55,_40,456.67,_41,98.13,_42,94.23,_43,85.07,_44,75.94,_45,6.98,_46,1531.37,_47,1594.11,_48,48.71,_49,1764.91,_50,71.6,_51,8.15,_52,47.39,_53,9.0,_54,4.0,_55,19.91,_56,33.21,_57,56.17,_58,85.36,_59,10.17,_60,66.83,_61,91.93,_62,2.88,_63,86.55,_64,82.82,_65,3.11,_66,2591.7,_67,736.75,_68,16.07,_69,78.03,_70,69.43,_71,32.0,_72,79.17,_73,7.65,_74,33.97,_75,6.0,_76,31.18,_77,1172.18,_78,-0.1,_79,2.37,_80,-36.76,_81,20.71,_82,1.22,_83,2.21,_84,53.89,_85,15.81,_86,36.57,_87,0.0,_88,33.79,_89,1027.16,_90,1282.47,_91,42.95,_92,76.69,_93,47.37,_94,75.7,_95,84.57,_96,16.01,_97,12.62,_98,17.72,_99,179.33,_100,6.12,_101,1400.0,_102,3.4,_103,39.53,_105,0.6,_106,1.67,_107,45.0,_108,44.89,_109,55.66,_110,45.0,_111,6.65,_112,78.55,_113,28.76,_114,91.2,_115,43.14,_116,7.66,_117,78.09,_118,63.7,_119,81.88
MoldingMachine_57,Timestamp_38,2017-01-01T00:06:30Z,_3,748.96,_4,1249.57,_5,1176.44,_6,42.51,_7,455.58,_8,296.88,_9,-0.0,_10,9.05,_11,6.15,_12,3.54,_13,19.96,_14,51.47,_15,1.2,_16,15.46,_17,1.01,_18,-0.08,_19,55.21,_20,-0.01,_21,-0.02,_22,26.32,_23,28.09,_24,41.57,_25,1.1,_26,5.16,_27,0.55,_28,1.33,_29,0.47,_30,0.06,_31,1.2,_32,270.0,_33,259.99,_34,254.92,_35,260.0,_36,18.33,_37,11.13,_38,6.73,_39,17.55,_40,455.32,_41,98.13,_42,94.23,_43,85.07,_44,75.94,_45,6.98,_46,1538.93,_47,1613.47,_48,48.71,_49,1794.91,_50,71.6,_51,8.15,_52,47.39,_53,9.0,_54,4.0,_55,19.91,_56,33.36,_57,56.17,_58,85.36,_59,10.17,_60,66.83,_61,91.93,_62,2.88,_63,86.55,_64,82.82,_65,3.24,_66,2604.7,_67,736.75,_68,16.07,_69,78.03,_70,70.41,_71,33.05,_72,79.17,_73,7.65,_74,32.76,_75,5.9,_76,31.18,_77,1173.42,_78,-0.1,_79,2.37,_80,-37.76,_81,20.71,_82,1.22,_83,3.03,_84,53.91,_85,15.81,_86,36.57,_87,0.0,_88,33.79,_89,1048.16,_90,1284.47,_91,42.95,_92,76.69,_93,47.37,_94,75.7,_95,84.57,_96,16.01,_97,12.62,_98,20.72,_99,199.15,_100,6.12,_101,1400.0,_102,3.37,_103,41.44,_105,0.63,_106,1.68,_107,45.0,_108,45.3,_109,54.78,_110,45.0,_111,6.76,_112,79.73,_113,28.76,_114,91.2,_115,43.14,_116,7.66,_117,78.09,_118,63.7,_119,81.88
MoldingMachine_57,Timestamp_39,2017-01-01T00:06:40Z,_3,815.96,_4,1023.53,_5,1184.24,_6,44.49,_7,455.62,_8,235.26,_9,-0.0,_10,9.79,_11,6.25,_12,3.35,_13,6.85,_14,51.47,_15,0.9,_16,15.46,_17,1.0,_18,-0.11,_19,55.21,_20,0.01,_21,0.01,_22,26.32,_23,28.09,_24,41.57,_25,1.1,_26,5.16,_27,0.56,_28,1.33,_29,0.47,_30,0.06,_31,1.2,_32,270.0,_33,260.01,_34,255.04,_35,260.0,_36,18.87,_37,10.65,_38,7.09,_39,17.55,_40,453.06,_41,98.13,_42,94.23,_43,85.07,_44,75.94,_45,6.98,_46,1547.63,_47,1557.33,_48,48.71,_49,1824.91,_50,71.6,_51,8.15,_52,47.39,_53,9.0,_54,4.0,_55,19.91,_56,32.35,_57,56.17,_58,85.36,_59,10.17,_60,66.83,_61,91.93,_62,2.88,_63,86.55,_64,82.82,_65,3.22,_66,2617.7,_67,736.75,_68,16.07,_69,78.03,_70,68.92,_71,32.67,_72,79.17,_73,7.63,_74,31.8,_75,6.0,_76,31.18,_77,1197.01,_78,0.0,_79,2.37,_80,-38.76,_81,20.71,_82,1.22,_83,2.85,_84,54.17,_85,15.81,_86,36.57,_87,0.0,_88,33.79,_89,1069.16,_90,1286.47,_91,42.95,_92,76.69,_93,47.37,_94,75.7,_95,84.57,_96,16.01,_97,12.62,_98,9.12,_99,297.15,_100,6.12,_101,1400.0,_102,3.43,_103,41.18,_105,0.61,_106,1.71,_107,45.0,_108,44.94,_109,55.34,_110,45.0,_111,6.95,_112,78.64,_113,28.76,_114,91.2,_115,43.14,_116,7.66,_117,78.09,_118,63.7,_119,81.88
MoldingMachine_57,Timestamp_40,2017-01-01T00:06:50Z,_3,882.96,_4,939.34,_5,1173.25,_6,37.77,_7,455.14,_8,3.18,_9,-0.0,_10,9.42,_11,6.18,_12,3.37,_13,15.48,_14,51.47,_15,0.9,_16,15.46,_17,0.99,_18,-0.08,_19,55.21,_20,0.01,_21,0.02,_22,26.32,_23,28.09,_24,41.57,_25,1.1,_26,5.16,_27,0.56,_28,1.33,_29,0.46,_30,0.06,_31,1.2,_32,270.0,_33,259.88,_34,255.07,_35,260.0,_36,19.32,_37,10.61,_38,6.43,_39,17.55,_40,455.69,_41,98.13,_42,94.23,_43,85.07,_44,75.94,_45,6.98,_46,1567.64,_47,1580.83,_48,48.71,_49,1854.91,_50,71.6,_51,8.15,_52,47.39,_53,9.0,_54,4.0,_55,19.91,_56,34.15,_57,56.17,_58,85.36,_59,10.17,_60,66.83,_61,91.93,_62,2.88,_63,86.55,_64,82.82,_65,3.12,_66,2630.7,_67,736.75,_68,16.07,_69,78.03,_70,67.75,_71,38.39,_72,79.17,_73,7.67,_74,33.27,_75,6.0,_76,31.18,_77,1180.91,_78,0.01,_79,2.37,_80,-39.76,_81,20.71,_82,1.22,_83,1.62,_84,53.8,_85,15.81,_86,36.57,_87,0.0,_88,33.79,_89,1090.16,_90,1288.47,_91,42.95,_92,76.69,_93,47.37,_94,75.7,_95,84.57,_96,16.01,_97,12.62,_98,12.12,_99,395.15,_100,6.12,_101,1400.0,_102,3.3,_103,40.79,_105,0.61,_106,1.69,_107,45.0,_108,44.78,_109,54.48,_110,45.0,_111,7.26,_112,78.59,_113,28.76,_114,91.2,_115,43.14,_116,7.66,_117,78.09,_118,63.7,_119,81.88
MoldingMachine_57,Timestamp_41,2017-01-01T00:07:00Z,_3,949.96,_4,1345.38,_5,1179.77,_6,52.62,_7,454.68,_8,238.96,_9,0.0,_10,9.48,_11,5.74,_12,3.42,_13,10.73,_14,51.47,_15,1.3,_16,15.46,_17,0.99,_18,-0.1,_19,55.21,_20,0.03,_21,-0.0,_22,26.32,_23,28.09,_24,41.57,_25,1.1,_26,5.16,_27,0.54,_28,1.33,_29,0.47,_30,0.05,_31,1.2,_32,270.0,_33,260.02,_34,255.03,_35,260.0,_36,18.84,_37,11.07,_38,6.38,_39,17.55,_40,456.33,_41,98.13,_42,94.23,_43,85.07,_44,75.94,_45,6.98,_46,1528.64,_47,1652.32,_48,48.71,_49,1884.91,_50,71.6,_51,8.15,_52,47.39,_53,9.0,_54,4.0,_55,19.91,_56,33.34,_57,56.17,_58,85.36,_59,10.17,_60,66.83,_61,91.93,_62,2.88,_63,86.55,_64,82.82,_65,3.03,_66,2643.7,_67,736.75,_68,16.07,_69,78.03,_70,69.65,_71,34.44,_72,79.17,_73,7.7,_74,33.75,_75,6.0,_76,31.18,_77,1161.69,_78,-0.1,_79,2.37,_80,-40.76,_81,20.71,_82,1.21,_83,2.25,_84,54.11,_85,15.81,_86,36.57,_87,0.0,_88,33.79,_89,1111.16,_90,1290.47,_91,42.95,_92,76.69,_93,47.37,_94,75.7,_95,84.57,_96,16.01,_97,12.62,_98,15.12,_99,493.15,_100,6.12,_101,1400.0,_102,3.36,_103,41.54,_105,0.58,_106,1.7,_107,45.0,_108,44.88,_109,53.31,_110,45.0,_111,6.52,_112,80.21,_113,28.76,_114,91.2,_115,43.14,_116,7.66,_117,78.09,_118,63.7,_119,81.88
MoldingMachine_57,Timestamp_42,2017-01-01T00:07:10Z,_3,1016.96,_4,1185.11,_5,1185.37,_6,43.66,_7,455.61,_8,-13.48,_9,-0.0,_10,9.05,_11,6.03,_12,3.54,_13,5.18,_14,51.47,_15,0.9,_16,15.46,_17,1.03,_18,0.23,_19,55.21,_20,-0.03,_21,-0.02,_22,26.32,_23,28.09,_24,41.57,_25,1.1,_26,5.16,_27,0.56,_28,1.33,_29,0.47,_30,0.02,_31,1.2,_32,270.0,_33,259.9,_34,254.92,_35,260.0,_36,16.63,_37,11.25,_38,6.96,_39,17.55,_40,453.63,_41,98.13,_42,94.23,_43,85.07,_44,75.94,_45,6.98,_46,1547.17,_47,1599.9,_48,48.71,_49,1914.91,_50,71.6,_51,8.15,_52,47.39,_53,9.0,_54,4.0,_55,19.91,_56,34.98,_57,56.17,_58,85.36,_59,10.17,_60,66.83,_61,91.93,_62,2.88,_63,86.55,_64,82.82,_65,3.09,_66,2656.7,_67,736.75,_68,16.07,_69,78.03,_70,69.25,_71,34.39,_72,79.17,_73,7.74,_74,34.1,_75,6.0,_76,31.18,_77,1163.16,_78,-0.1,_79,2.37,_80,-41.76,_81,20.71,_82,1.22,_83,2.45,_84,53.9,_85,15.81,_86,36.57,_87,0.0,_88,33.79,_89,1132.16,_90,1292.47,_91,42.95,_92,76.69,_93,47.37,_94,75.7,_95,84.57,_96,16.01,_97,12.62,_98,7.07,_99,591.15,_100,6.12,_101,1400.0,_102,3.31,_103,39.1,_105,0.61,_106,1.68,_107,45.0,_108,45.24,_109,55.4,_110,45.0,_111,6.26,_112,78.53,_113,28.76,_114,91.2,_115,43.14,_116,7.66,_117,78.09,_118,63.7,_119,81.88
MoldingMachine_57,Timestamp_43,2017-01-01T00:07:20Z,_3,1083.96,_4,1036.79,_5,1188.17,_6,44.26,_7,455.0,_8,297.88,_9,0.0,_10,9.07,_11,5.84,_12,3.38,_13,24.54,_14,51.47,_15,1.12,_16,15.46,_17,1.05,_18,0.0,_19,55.21,_20,0.12,_21,-0.02,_22,26.32,_23,28.09,_24,41.57,_25,1.1,_26,5.16,_27,0.54,_28,1.33,_29,0.47,_30,0.02,_31,1.2,_32,270.0,_33,260.12,_34,254.84,_35,260.0,_36,18.04,_37,10.9,_38,6.99,_39,17.55,_40,455.1,_41,98.13,_42,94.23,_43,85.07,_44,75.94,_45,6.98,_46,1559.02,_47,1598.51,_48,48.71,_49,1944.91,_50,71.6,_51,8.15,_52,47.39,_53,9.0,_54,4.0,_55,19.91,_56,32.12,_57,56.17,_58,85.36,_59,10.17,_60,66.83,_61,91.93,_62,2.88,_63,86.55,_64,82.82,_65,3.04,_66,2669.7,_67,736.75,_68,16.07,_69,78.03,_70,69.52,_71,36.38,_72,79.17,_73,7.68,_74,34.3,_75,6.0,_76,31.18,_77,1159.56,_78,-0.1,_79,2.37,_80,-42.76,_81,20.71,_82,1.22,_83,2.97,_84,54.27,_85,15.81,_86,36.57,_87,0.0,_88,33.79,_89,1153.16,_90,1294.47,_91,42.95,_92,76.69,_93,47.37,_94,75.7,_95,84.57,_96,16.01,_97,12.62,_98,10.07,_99,689.15,_100,6.12,_101,1400.0,_102,3.59,_103,41.86,_105,0.63,_106,1.67,_107,45.0,_108,44.9,_109,54.78,_110,45.0,_111,6.87,_112,79.2,_113,28.76,_114,91.2,_115,43.14,_116,7.66,_117,78.09,_118,63.7,_119,81.88
MoldingMachine_57,Timestamp_44,2017-01-01T00:07:30Z,_3,1150.96,_4,1187.46,_5,1181.35,_6,54.34,_7,454.56,_8,298.66,_9,-0.0,_10,9.96,_11,5.18,_12,3.59,_13,7.86,_14,51.47,_15,1.0,_16,15.46,_17,1.01,_18,-0.22,_19,55.21,_20,0.03,_21,-0.01,_22,26.32,_23,28.09,_24,41.57,_25,1.1,_26,5.16,_27,0.54,_28,1.33,_29,0.46,_30,0.02,_31,1.2,_32,270.0,_33,260.02,_34,255.25,_35,260.0,_36,17.61,_37,11.0,_38,6.77,_39,17.55,_40,454.45,_41,98.13,_42,94.23,_43,85.07,_44,75.94,_45,6.98,_46,1570.33,_47,1612.61,_48,48.71,_49,1974.91,_50,71.6,_51,8.15,_52,47.39,_53,9.0,_54,4.0,_55,19.91,_56,33.34,_57,56.17,_58,85.36,_59,10.17,_60,66.83,_61,91.93,_62,2.88,_63,86.55,_64,82.82,_65,3.07,_66,2682.7,_67,736.75,_68,16.07,_69,78.03,_70,69.02,_71,37.18,_72,79.17,_73,7.56,_74,34.75,_75,5.9,_76,31.18,_77,1160.95,_78,-0.1,_79,2.37,_80,-43.76,_81,20.71,_82,1.24,_83,2.4,_84,54.26,_85,15.81,_86,36.57,_87,0.0,_88,33.79,_89,1174.16,_90,1296.47,_91,42.95,_92,76.69,_93,47.37,_94,75.7,_95,84.57,_96,16.01,_97,12.62,_98,13.07,_99,787.15,_100,6.12,_101,1400.0,_102,3.39,_103,41.51,_105,0.62,_106,1.66,_107,45.0,_108,44.68,_109,53.5,_110,45.0,_111,6.62,_112,81.92,_113,28.76,_114,91.2,_115,43.14,_116,7.66,_117,78.09,_118,63.7,_119,81.88
MoldingMachine_57,Timestamp_45,2017-01-01T00:07:40Z,_3,129.98,_4,960.96,_5,1185.56,_6,45.04,_7,454.87,_8,10.92,_9,-0.0,_10,8.91,_11,5.53,_12,3.35,_13,24.28,_14,51.47,_15,1.05,_16,15.46,_17,1.02,_18,-0.03,_19,55.21,_20,0.02,_21,-0.0,_22,26.32,_23,28.09,_24,41.57,_25,1.1,_26,5.16,_27,0.54,_28,1.33,_29,0.47,_30,0.01,_31,1.2,_32,270.0,_33,260.09,_34,254.88,_35,260.0,_36,18.12,_37,10.38,_38,6.74,_39,17.55,_40,454.97,_41,98.13,_42,94.23,_43,85.07,_44,75.94,_45,6.98,_46,1532.72,_47,1580.64,_48,48.71,_49,2004.91,_50,71.6,_51,8.15,_52,47.39,_53,9.0,_54,4.0,_55,19.91,_56,32.94,_57,56.17,_58,85.36,_59,10.17,_60,66.83,_61,91.93,_62,2.88,_63,86.55,_64,82.82,_65,3.12,_66,2695.7,_67,736.75,_68,16.07,_69,78.03,_70,68.47,_71,34.1,_72,79.17,_73,7.63,_74,33.54,_75,6.0,_76,31.18,_77,1152.71,_78,-0.1,_79,2.37,_80,-44.76,_81,20.71,_82,1.22,_83,2.46,_84,53.95,_85,15.81,_86,36.57,_87,0.0,_88,33.79,_89,1195.16,_90,1298.47,_91,42.95,_92,76.69,_93,47.37,_94,75.7,_95,84.57,_96,16.01,_97,12.62,_98,4.03,_99,507.93,_100,6.12,_101,1400.0,_102,3.63,_103,40.93,_105,0.64,_106,1.7,_107,45.0,_108,45.1,_109,55.15,_110,45.0,_111,6.97,_112,79.76,_113,28.76,_114,91.2,_115,43.14,_116,7.66,_117,78.09,_118,63.7,_119,81.88
MoldingMachine_57,Timestamp_46,2017-01-01T00:07:50Z,_3,176.55,_4,1134.08,_5,1179.19,_6,48.52,_7,454.65,_8,-3.42,_9,0.0,_10,8.98,_11,5.86,_12,3.14,_13,8.36,_14,51.47,_15,0.83,_16,15.46,_17,0.98,_18,0.06,_19,55.21,_20,-0.05,_21,-0.01,_22,26.32,_23,28.09,_24,41.57,_25,1.1,_26,5.16,_27,0.54,_28,1.33,_29,0.46,_30,0.0,_31,1.2,_32,270.0,_33,260.09,_34,255.01,_35,260.0,_36,17.25,_37,11.1,_38,6.39,_39,17.55,_40,452.88,_41,98.13,_42,94.23,_43,85.07,_44,75.94,_45,6.98,_46,1558.3,_47,1613.36,_48,48.71,_49,2034.91,_50,71.6,_51,8.15,_52,47.39,_53,9.0,_54,4.0,_55,19.91,_56,35.25,_57,56.17,_58,85.36,_59,10.17,_60,66.83,_61,91.93,_62,2.88,_63,86.55,_64,82.82,_65,2.91,_66,2708.7,_67,736.75,_68,16.07,_69,78.03,_70,71.59,_71,33.07,_72,79.17,_73,7.7,_74,32.01,_75,6.0,_76,31.18,_77,1149.41,_78,-0.1,_79,2.37,_80,-45.76,_81,20.71,_82,1.2,_83,1.88,_84,54.1,_85,15.81,_86,36.57,_87,0.0,_88,33.79,_89,1216.16,_90,1300.47,_91,42.95,_92,76.69,_93,47.37,_94,75.7,_95,84.57,_96,16.01,_97,12.62,_98,7.03,_99,605.93,_100,6.12,_101,1410.0,_102,3.37,_103,42.63,_105,0.63,_106,1.71,_107,45.0,_108,44.92,_109,57.36,_110,45.0,_111,6.55,_112,79.75,_113,28.76,_114,91.2,_115,43.14,_116,7.66,_117,78.09,_118,63.7,_119,81.88
MoldingMachine_57,Timestamp_47,2017-01-01T00:08:00Z,_3,243.55,_4,824.51,_5,1167.85,_6,43.52,_7,455.93,_8,294.59,_9,0.0,_10,9.1,_11,5.74,_12,3.59,_13,26.82,_14,51.47,_15,1.02,_16,15.46,_17,0.99,_18,-0.1,_19,55.21,_20,-0.07,_21,0.03,_22,26.32,_23,28.09,_24,41.57,_25,1.1,_26,5.16,_27,0.54,_28,1.33,_29,0.47,_30,0.01,_31,1.2,_32,270.0,_33,260.09,_34,254.94,_35,260.0,_36,17.75,_37,11.29,_38,7.03,_39,17.55,_40,454.53,_41,98.13,_42,94.23,_43,85.07,_44,75.94,_45,6.98,_46,1549.2,_47,1609.08,_48,48.71,_49,2064.91,_50,71.6,_51,8.15,_52,47.39,_53,9.0,_54,4.0,_55,19.91,_56,33.31,_57,56.17,_58,85.36,_59,10.17,_60,66.83,_61,91.93,_62,2.88,_63,86.55,_64,82.82,_65,2.95,_66,2721.7,_67,736.75,_68,16.07,_69,78.03,_70,68.62,_71,32.09,_72,79.17,_73,7.65,_74,34.48,_75,6.0,_76,31.18,_77,1180.98,_78,-0.1,_79,2.37,_80,-46.76,_81,20.71,_82,1.22,_83,2.36,_84,53.8,_85,15.81,_86,36.57,_87,0.0,_88,33.79,_89,1237.16,_90,1302.47,_91,42.95,_92,76.69,_93,47.37,_94,75.7,_95,84.57,_96,16.01,_97,12.62,_98,10.03,_99,703.93,_100,6.12,_101,1410.0,_102,3.29,_103,39.69,_105,0.59,_106,1.74,_107,45.0,_108,44.63,_109,57.59,_110,45.0,_111,6.84,_112,80.91,_113,28.76,_114,91.2,_115,43.14,_116,7.66,_117,78.09,_118,63.7,_119,81.88
MoldingMachine_57,Timestamp_48,2017-01-01T00:08:10Z,_3,310.55,_4,933.55,_5,1195.34,_6,51.91,_7,455.16,_8,37.03,_9,0.0,_10,8.53,_11,5.67,_12,3.46,_13,12.64,_14,51.47,_15,1.14,_16,15.46,_17,1.02,_18,0.14,_19,55.21,_20,0.03,_21,-0.02,_22,26.32,_23,28.09,_24,41.57,_25,1.1,_26,5.16,_27,0.56,_28,1.33,_29,0.46,_30,0.0,_31,1.2,_32,270.0,_33,259.97,_34,255.12,_35,260.0,_36,17.35,_37,10.9,_38,6.85,_39,17.55,_40,454.49,_41,98.13,_42,94.23,_43,85.07,_44,75.94,_45,6.98,_46,1555.84,_47,1603.15,_48,48.71,_49,2094.91,_50,71.6,_51,8.15,_52,47.39,_53,9.0,_54,4.0,_55,19.91,_56,34.16,_57,56.17,_58,85.36,_59,10.17,_60,66.83,_61,91.93,_62,2.88,_63,86.55,_64,82.82,_65,3.24,_66,2734.7,_67,736.75,_68,16.07,_69,78.03,_70,68.78,_71,34.0,_72,79.17,_73,7.76,_74,32.91,_75,6.0,_76,31.18,_77,1160.46,_78,-0.1,_79,2.37,_80,-47.76,_81,20.71,_82,1.22,_83,2.77,_84,53.47,_85,15.81,_86,36.57,_87,0.0,_88,33.79,_89,1258.16,_90,1304.47,_91,42.95,_92,76.69,_93,47.37,_94,75.7,_95,84.57,_96,16.01,_97,12.62,_98,13.03,_99,801.93,_100,6.12,_101,1410.0,_102,3.4,_103,39.75,_105,0.59,_106,1.71,_107,45.0,_108,44.92,_109,55.02,_110,45.0,_111,6.93,_112,82.25,_113,28.76,_114,91.2,_115,43.14,_116,7.66,_117,78.09,_118,63.7,_119,81.88
MoldingMachine_57,Timestamp_49,2017-01-01T00:08:20Z,_3,377.55,_4,1184.78,_5,1163.93,_6,38.7,_7,455.83,_8,299.67,_9,0.0,_10,8.54,_11,5.39,_12,3.22,_13,7.59,_14,51.47,_15,0.83,_16,15.46,_17,0.96,_18,-0.11,_19,55.21,_20,0.08,_21,0.03,_22,26.32,_23,28.09,_24,41.57,_25,1.1,_26,5.16,_27,0.56,_28,1.33,_29,0.46,_30,0.0,_31,1.2,_32,270.0,_33,259.98,_34,255.06,_35,260.0,_36,17.51,_37,11.12,_38,6.44,_39,17.55,_40,456.87,_41,98.13,_42,94.23,_43,85.07,_44,75.94,_45,6.98,_46,1533.62,_47,1596.48,_48,48.71,_49,2124.91,_50,71.6,_51,8.15,_52,47.39,_53,9.0,_54,4.0,_55,19.91,_56,33.47,_57,56.17,_58,85.36,_59,10.17,_60,66.83,_61,91.93,_62,2.88,_63,86.55,_64,82.82,_65,3.11,_66,2747.7,_67,736.75,_68,16.07,_69,78.03,_70,70.11,_71,34.39,_72,79.17,_73,7.71,_74,34.56,_75,6.0,_76,31.18,_77,1151.02,_78,-0.2,_79,2.37,_80,-48.76,_81,20.71,_82,1.21,_83,2.2,_84,53.92,_85,15.81,_86,36.57,_87,0.0,_88,33.79,_89,1279.16,_90,1306.47,_91,42.95,_92,76.69,_93,47.37,_94,75.7,_95,84.57,_96,16.01,_97,12.62,_98,16.03,_99,899.93,_100,6.12,_101,1410.0,_102,3.48,_103,40.17,_105,0.6,_106,1.69,_107,45.0,_108,45.34,_109,56.76,_110,45.0,_111,7.04,_112,79.7,_113,28.76,_114,91.2,_115,43.14,_116,7.66,_117,78.09,_118,63.7,_119,81.88
MoldingMachine_57,Timestamp_50,2017-01-01T00:08:30Z,_3,444.55,_4,1023.08,_5,1157.13,_6,49.24,_7,455.68,_8,8.98,_9,-0.0,_10,9.73,_11,5.76,_12,3.21,_13,17.9,_14,51.47,_15,1.06,_16,15.46,_17,0.96,_18,0.04,_19,55.21,_20,-0.06,_21,0.03,_22,26.32,_23,28.09,_24,41.57,_25,1.1,_26,5.16,_27,0.54,_28,1.33,_29,0.47,_30,0.01,_31,1.2,_32,270.0,_33,260.07,_34,254.97,_35,260.0,_36,16.62,_37,11.21,_38,6.3,_39,17.55,_40,455.06,_41,98.13,_42,94.23,_43,85.07,_44,75.94,_45,6.98,_46,1565.6,_47,1584.04,_48,48.71,_49,2154.91,_50,71.6,_51,8.15,_52,47.39,_53,9.0,_54,4.0,_55,19.91,_56,32.93,_57,56.17,_58,85.36,_59,10.17,_60,66.83,_61,91.93,_62,2.88,_63,86.55,_64,82.82,_65,3.19,_66,2760.7,_67,736.75,_68,16.07,_69,78.03,_70,70.93,_71,33.84,_72,79.17,_73,7.66,_74,33.55,_75,6.0,_76,31.18,_77,1170.14,_78,-0.3,_79,2.37,_80,-49.76,_81,20.71,_82,1.23,_83,2.81,_84,53.88,_85,15.81,_86,36.57,_87,0.0,_88,33.79,_89,1300.16,_90,1308.47,_91,42.95,_92,76.69,_93,47.37,_94,75.7,_95,84.57,_96,16.01,_97,12.62,_98,19.03,_99,590.3,_100,6.12,_101,1410.0,_102,3.33,_103,39.01,_105,0.63,_106,1.74,_107,45.0,_108,44.7,_109,54.83,_110,45.0,_111,7.02,_112,81.61,_113,28.76,_114,91.2,_115,43.14,_116,7.66,_117,78.09,_118,63.7,_119,81.88
MoldingMachine_57,Timestamp_51,2017-01-01T00:08:40Z,_3,411.13,_4,1173.42,_5,1162.78,_6,49.4,_7,454.73,_8,304.12,_9,0.0,_10,9.05,_11,5.06,_12,3.5,_13,6.79,_14,51.47,_15,0.84,_16,15.46,_17,0.95,_18,0.15,_19,55.21,_20,0.03,_21,-0.02,_22,26.32,_23,28.09,_24,41.57,_25,1.1,_26,5.16,_27,0.54,_28,1.33,_29,0.46,_30,0.01,_31,1.2,_32,270.0,_33,260.02,_34,254.78,_35,260.0,_36,18.06,_37,11.11,_38,6.7,_39,17.55,_40,456.48,_41,98.13,_42,94.23,_43,85.07,_44,75.94,_45,6.98,_46,1564.79,_47,1602.47,_48,48.71,_49,2184.91,_50,71.6,_51,8.15,_52,47.39,_53,9.0,_54,4.0,_55,19.91,_56,31.23,_57,56.17,_58,85.36,_59,10.17,_60,66.83,_61,91.93,_62,2.88,_63,86.55,_64,82.82,_65,2.91,_66,2773.7,_67,736.75,_68,16.07,_69,78.03,_70,68.24,_71,33.03,_72,79.17,_73,7.72,_74,32.43,_75,5.9,_76,31.18,_77,1158.26,_78,-0.2,_79,2.37,_80,-50.76,_81,20.71,_82,1.22,_83,2.13,_84,54.04,_85,15.81,_86,36.57,_87,0.0,_88,33.79,_89,1321.16,_90,1310.47,_91,42.95,_92,76.69,_93,47.37,_94,75.7,_95,84.57,_96,16.01,_97,12.62,_98,22.03,_99,688.3,_100,6.12,_101,1400.0,_102,3.3,_103,41.38,_105,0.63,_106,1.73,_107,45.0,_108,44.94,_109,55.35,_110,45.0,_111,6.53,_112,79.8,_113,28.76,_114,91.2,_115,43.14,_116,7.66,_117,78.09,_118,63.7,_119,81.88
MoldingMachine_57,Timestamp_52,2017-01-01T00:08:50Z,_3,478.13,_4,1127.01,_5,1154.31,_6,49.55,_7,454.33,_8,299.36,_9,0.0,_10,9.65,_11,5.76,_12,3.36,_13,24.76,_14,51.47,_15,1.02,_16,15.46,_17,1.03,_18,-0.02,_19,55.21,_20,-0.02,_21,0.06,_22,26.32,_23,28.09,_24,41.57,_25,1.1,_26,5.16,_27,0.56,_28,1.33,_29,0.46,_30,0.13,_31,1.2,_32,270.0,_33,260.09,_34,254.83,_35,260.0,_36,18.91,_37,10.5,_38,6.91,_39,17.55,_40,455.83,_41,98.13,_42,94.23,_43,85.07,_44,75.94,_45,6.98,_46,1559.67,_47,1605.73,_48,48.71,_49,2214.91,_50,71.6,_51,8.15,_52,47.39,_53,9.0,_54,4.0,_55,19.91,_56,34.71,_57,56.17,_58,85.36,_59,10.17,_60,66.83,_61,91.93,_62,2.88,_63,86.55,_64,82.82,_65,2.84,_66,2786.7,_67,736.75,_68,16.07,_69,78.03,_70,68.63,_71,33.0,_72,79.17,_73,7.69,_74,32.06,_75,6.0,_76,31.18,_77,1162.27,_78,-0.2,_79,2.37,_80,-51.76,_81,20.71,_82,1.24,_83,2.6,_84,54.06,_85,15.81,_86,36.57,_87,0.0,_88,33.79,_89,1342.16,_90,1312.47,_91,42.95,_92,76.69,_93,47.37,_94,75.7,_95,84.57,_96,16.01,_97,12.62,_98,25.03,_99,786.3,_100,6.12,_101,1400.0,_102,3.32,_103,40.1,_105,0.61,_106,1.68,_107,45.0,_108,45.25,_109,55.37,_110,45.0,_111,6.49,_112,77.41,_113,28.76,_114,91.2,_115,43.14,_116,7.66,_117,78.09,_118,63.7,_119,81.88
MoldingMachine_57,Timestamp_53,2017-01-01T00:09:00Z,_3,545.13,_4,1272.58,_5,1149.01,_6,45.67,_7,455.87,_8,85.73,_9,-0.0,_10,9.92,_11,5.79,_12,3.4,_13,8.15,_14,51.47,_15,1.24,_16,15.46,_17,1.0,_18,-0.03,_19,55.21,_20,0.11,_21,-0.02,_22,26.32,_23,28.09,_24,41.57,_25,1.1,_26,5.16,_27,0.56,_28,1.33,_29,0.46,_30,0.07,_31,1.2,_32,270.0,_33,260.11,_34,255.0,_35,260.0,_36,18.8,_37,11.09,_38,6.59,_39,17.55,_40,454.68,_41,98.13,_42,94.23,_43,85.07,_44,75.94,_45,6.98,_46,1543.29,_47,1580.94,_48,48.71,_49,2244.91,_50,71.6,_51,8.15,_52,47.39,_53,9.0,_54,4.0,_55,19.91,_56,33.32,_57,56.17,_58,85.36,_59,10.17,_60,66.83,_61,91.93,_62,2.88,_63,86.55,_64,82.82,_65,2.97,_66,2799.7,_67,736.75,_68,16.07,_69,78.03,_70,69.09,_71,32.57,_72,79.17,_73,7.6,_74,34.23,_75,6.0,_76,31.18,_77,1176.33,_78,-0.2,_79,2.37,_80,-52.76,_81,20.71,_82,1.21,_83,2.03,_84,53.86,_85,15.81,_86,36.57,_87,0.0,_88,33.79,_89,1363.16,_90,1314.47,_91,42.95,_92,76.69,_93,47.37,_94,75.7,_95,84.57,_96,16.01,_97,12.62,_98,28.03,_99,884.3,_100,6.12,_101,1400.0,_102,3.36,_103,41.16,_105,0.63,_106,1.68,_107,45.0,_108,45.14,_109,54.61,_110,45.0,_111,6.81,_112,79.69,_113,28.76,_114,91.2,_115,43.14,_116,7.66,_117,78.09,_118,63.7,_119,81.88
MoldingMachine_57,Timestamp_54,2017-01-01T00:09:10Z,_3,612.13,_4,779.78,_5,1152.78,_6,48.15,_7,456.2,_8,303.99,_9,-0.01,_10,9.74,_11,5.75,_12,3.73,_13,11.18,_14,51.47,_15,1.12,_16,15.46,_17,0.98,_18,-0.1,_19,55.21,_20,0.05,_21,0.01,_22,26.32,_23,28.09,_24,41.57,_25,1.1,_26,5.16,_27,0.54,_28,1.33,_29,0.47,_30,0.06,_31,1.2,_32,270.0,_33,260.17,_34,255.19,_35,260.0,_36,18.17,_37,10.65,_38,6.75,_39,17.55,_40,453.98,_41,98.13,_42,94.23,_43,85.07,_44,75.94,_45,6.98,_46,1558.68,_47,1601.26,_48,48.71,_49,2274.91,_50,71.6,_51,8.15,_52,47.39,_53,9.0,_54,4.0,_55,19.91,_56,34.21,_57,56.17,_58,85.36,_59,10.17,_60,66.83,_61,91.93,_62,2.88,_63,86.55,_64,82.82,_65,3.2,_66,2812.7,_67,736.75,_68,16.07,_69,78.03,_70,68.88,_71,30.56,_72,79.17,_73,7.67,_74,33.78,_75,6.0,_76,31.18,_77,1157.16,_78,-0.2,_79,2.37,_80,-53.76,_81,20.71,_82,1.22,_83,2.22,_84,54.01,_85,15.81,_86,36.57,_87,0.0,_88,33.79,_89,1384.16,_90,1316.47,_91,42.95,_92,76.69,_93,47.37,_94,75.7,_95,84.57,_96,16.01,_97,12.62,_98,7.11,_99,982.3,_100,6.12,_101,1400.0,_102,3.64,_103,40.4,_105,0.62,_106,1.66,_107,45.0,_108,45.06,_109,54.9,_110,45.0,_111,6.65,_112,81.61,_113,28.76,_114,91.2,_115,43.14,_116,7.66,_117,78.09,_118,63.7,_119,81.88
MoldingMachine_57,Timestamp_55,2017-01-01T00:09:20Z,_3,679.13,_4,1072.61,_5,1152.5,_6,49.31,_7,454.99,_8,190.92,_9,-0.0,_10,9.26,_11,5.53,_12,3.39,_13,20.75,_14,51.47,_15,1.31,_16,15.46,_17,0.95,_18,-0.06,_19,55.21,_20,-0.02,_21,-0.05,_22,26.32,_23,28.09,_24,41.57,_25,1.1,_26,5.16,_27,0.54,_28,1.33,_29,0.47,_30,0.06,_31,1.2,_32,270.0,_33,260.02,_34,255.05,_35,260.0,_36,20.09,_37,10.83,_38,6.48,_39,17.55,_40,454.07,_41,98.13,_42,94.23,_43,85.07,_44,75.94,_45,6.98,_46,1564.46,_47,1621.96,_48,48.71,_49,2304.91,_50,71.6,_51,8.15,_52,47.39,_53,9.0,_54,4.0,_55,19.91,_56,32.6,_57,56.17,_58,85.36,_59,10.17,_60,66.83,_61,91.93,_62,2.88,_63,86.55,_64,82.82,_65,3.15,_66,2825.7,_67,736.75,_68,16.07,_69,78.03,_70,69.3,_71,38.55,_72,79.17,_73,7.67,_74,34.92,_75,6.0,_76,31.18,_77,1169.34,_78,-0.2,_79,2.37,_80,-54.76,_81,20.71,_82,1.24,_83,2.63,_84,54.02,_85,15.81,_86,36.57,_87,0.0,_88,33.79,_89,1405.16,_90,1318.47,_91,42.95,_92,76.69,_93,47.37,_94,75.7,_95,84.57,_96,16.01,_97,12.62,_98,10.11,_99,1080.3,_100,6.12,_101,1400.0,_102,3.4,_103,41.99,_105,0.63,_106,1.7,_107,45.0,_108,45.06,_109,54.51,_110,45.0,_111,7.18,_112,80.59,_113,28.76,_114,91.2,_115,43.14,_116,7.66,_117,78.09,_118,63.7,_119,81.88
MoldingMachine_57,Timestamp_56,2017-01-01T00:09:30Z,_3,746.13,_4,1242.97,_5,1146.78,_6,43.18,_7,455.66,_8,297.29,_9,0.01,_10,8.8,_11,5.35,_12,3.68,_13,7.95,_14,51.47,_15,0.9,_16,15.46,_17,0.9,_18,0.22,_19,55.21,_20,-0.05,_21,-0.03,_22,26.32,_23,28.09,_24,41.57,_25,1.1,_26,5.16,_27,0.54,_28,1.33,_29,0.47,_30,0.07,_31,1.2,_32,270.0,_33,260.02,_34,254.84,_35,260.0,_36,17.05,_37,11.26,_38,6.68,_39,17.55,_40,453.13,_41,98.13,_42,94.23,_43,85.07,_44,75.94,_45,6.98,_46,1559.87,_47,1529.04,_48,48.71,_49,2334.91,_50,71.6,_51,8.15,_52,47.39,_53,9.0,_54,4.0,_55,19.91,_56,34.53,_57,56.17,_58,85.36,_59,10.17,_60,66.83,_61,91.93,_62,2.88,_63,86.55,_64,82.82,_65,3.09,_66,2838.7,_67,736.75,_68,16.07,_69,78.03,_70,66.76,_71,35.77,_72,79.17,_73,7.67,_74,34.63,_75,6.09,_76,31.18,_77,1174.81,_78,-0.1,_79,2.37,_80,-55.76,_81,20.71,_82,1.22,_83,2.5,_84,53.96,_85,15.81,_86,36.57,_87,0.0,_88,33.79,_89,1426.16,_90,1320.47,_91,42.95,_92,76.69,_93,47.37,_94,75.7,_95,84.57,_96,16.01,_97,12.62,_98,13.11,_99,1178.3,_100,6.12,_101,1400.0,_102,3.37,_103,39.25,_105,0.62,_106,1.73,_107,45.0,_108,44.94,_109,56.29,_110,45.0,_111,6.67,_112,80.55,_113,28.76,_114,91.2,_115,43.14,_116,7.66,_117,78.09,_118,63.7,_119,81.88
MoldingMachine_57,Timestamp_57,2017-01-01T00:09:40Z,_3,813.13,_4,1124.87,_5,1161.13,_6,44.39,_7,454.3,_8,6.39,_9,0.0,_10,9.42,_11,5.7,_12,3.23,_13,24.41,_14,51.47,_15,0.94,_16,15.46,_17,0.98,_18,0.08,_19,55.21,_20,-0.04,_21,-0.02,_22,26.32,_23,28.09,_24,41.57,_25,1.1,_26,5.16,_27,0.54,_28,1.33,_29,0.47,_30,0.07,_31,1.2,_32,270.0,_33,259.95,_34,254.95,_35,260.0,_36,18.6,_37,11.0,_38,6.61,_39,17.55,_40,455.62,_41,98.13,_42,94.23,_43,85.07,_44,75.94,_45,6.98,_46,1543.77,_47,1580.49,_48,48.71,_49,2364.91,_50,71.6,_51,8.15,_52,47.39,_53,9.0,_54,4.0,_55,19.91,_56,33.44,_57,56.17,_58,85.36,_59,10.17,_60,66.83,_61,91.93,_62,2.88,_63,86.55,_64,82.82,_65,3.07,_66,2851.7,_67,736.75,_68,16.07,_69,78.03,_70,69.31,_71,33.43,_72,79.17,_73,7.66,_74,34.62,_75,6.0,_76,31.18,_77,1205.86,_78,-0.1,_79,2.37,_80,-56.76,_81,20.71,_82,1.22,_83,2.31,_84,54.29,_85,15.81,_86,36.57,_87,0.0,_88,33.79,_89,1447.16,_90,1322.47,_91,42.95,_92,76.69,_93,47.37,_94,75.7,_95,84.57,_96,16.01,_97,12.62,_98,16.11,_99,1276.3,_100,6.12,_101,1410.0,_102,3.4,_103,39.15,_105,0.6,_106,1.71,_107,45.0,_108,45.05,_109,53.06,_110,45.0,_111,6.61,_112,82.45,_113,28.76,_114,91.2,_115,43.14,_116,7.66,_117,78.09,_118,63.7,_119,81.88
MoldingMachine_57,Timestamp_58,2017-01-01T00:09:50Z,_3,880.13,_4,1182.27,_5,1163.03,_6,49.12,_7,455.27,_8,297.42,_9,0.0,_10,8.54,_11,5.21,_12,3.26,_13,11.91,_14,51.47,_15,0.8,_16,15.46,_17,1.0,_18,0.15,_19,55.21,_20,0.06,_21,-0.04,_22,26.32,_23,28.09,_24,41.57,_25,1.1,_26,5.16,_27,0.53,_28,1.33,_29,0.47,_30,0.06,_31,1.2,_32,270.0,_33,259.9,_34,254.97,_35,260.0,_36,17.75,_37,10.65,_38,6.89,_39,17.55,_40,453.26,_41,98.13,_42,94.23,_43,85.07,_44,75.94,_45,6.98,_46,1542.5,_47,1626.62,_48,48.71,_49,2394.91,_50,71.6,_51,8.15,_52,47.39,_53,9.0,_54,4.0,_55,19.91,_56,34.39,_57,56.17,_58,85.36,_59,10.17,_60,66.83,_61,91.93,_62,2.88,_63,86.55,_64,82.82,_65,2.91,_66,2864.7,_67,736.75,_68,16.07,_69,78.03,_70,68.87,_71,32.06,_72,79.17,_73,7.64,_74,35.41,_75,6.0,_76,31.18,_77,1177.93,_78,-0.1,_79,2.37,_80,-57.76,_81,20.71,_82,1.22,_83,1.6,_84,53.8,_85,15.81,_86,36.57,_87,0.0,_88,33.79,_89,1468.16,_90,1324.47,_91,42.95,_92,76.69,_93,47.37,_94,75.7,_95,84.57,_96,16.01,_97,12.62,_98,19.11,_99,1374.3,_100,6.12,_101,1410.0,_102,3.66,_103,41.34,_105,0.61,_106,1.72,_107,45.0,_108,45.28,_109,51.67,_110,45.0,_111,7.02,_112,77.56,_113,28.76,_114,91.2,_115,43.14,_116,7.66,_117,78.09,_118,63.7,_119,81.88
MoldingMachine_57,Timestamp_59,2017-01-01T00:10:00Z,_3,947.13,_4,1274.45,_5,1157.52,_6,49.42,_7,455.97,_8,297.82,_9,-0.0,_10,9.35,_11,5.67,_12,3.69,_13,6.1,_14,51.47,_15,0.87,_16,15.46,_17,0.97,_18,0.15,_19,55.21,_20,-0.0,_21,-0.01,_22,26.32,_23,28.09,_24,41.57,_25,1.1,_26,5.16,_27,0.56,_28,1.33,_29,0.46,_30,0.06,_31,1.2,_32,270.0,_33,260.1,_34,255.17,_35,260.0,_36,16.69,_37,10.99,_38,6.68,_39,17.55,_40,450.23,_41,98.13,_42,94.23,_43,85.07,_44,75.94,_45,6.98,_46,1544.16,_47,1540.92,_48,48.71,_49,2424.91,_50,71.6,_51,8.15,_52,47.39,_53,9.0,_54,4.0,_55,19.91,_56,32.35,_57,56.17,_58,85.36,_59,10.17,_60,66.83,_61,91.93,_62,2.88,_63,86.55,_64,82.82,_65,3.07,_66,2877.7,_67,736.75,_68,16.07,_69,78.03,_70,69.9,_71,36.81,_72,79.17,_73,7.63,_74,33.73,_75,6.0,_76,31.18,_77,1192.94,_78,-0.1,_79,2.37,_80,-58.76,_81,20.71,_82,1.2,_83,2.59,_84,53.99,_85,15.81,_86,36.57,_87,0.0,_88,33.79,_89,1489.16,_90,1326.47,_91,42.95,_92,76.69,_93,47.37,_94,75.7,_95,84.57,_96,16.01,_97,12.62,_98,22.11,_99,1440.7,_100,6.12,_101,1410.0,_102,3.77,_103,40.85,_105,0.59,_106,1.71,_107,45.0,_108,45.24,_109,52.17,_110,45.0,_111,6.91,_112,79.84,_113,28.76,_114,91.2,_115,43.14,_116,7.66,_117,78.09,_118,63.7,_119,81.88
MoldingMachine_57,Timestamp_60,2017-01-01T00:10:10Z,_3,990.52,_4,1012.06,_5,1167.73,_6,48.21,_7,456.98,_8,222.0,_9,0.0,_10,9.39,_11,5.44,_12,3.65,_13,15.0,_14,51.47,_15,1.02,_16,15.46,_17,1.05,_18,0.09,_19,55.21,_20,-0.02,_21,0.05,_22,26.32,_23,28.09,_24,41.57,_25,1.1,_26,5.16,_27,0.58,_28,1.33,_29,0.45,_30,0.06,_31,1.2,_32,270.0,_33,260.02,_34,254.92,_35,260.0,_36,18.82,_37,10.44,_38,6.85,_39,17.55,_40,455.58,_41,98.13,_42,94.23,_43,85.07,_44,75.94,_45,6.98,_46,1535.39,_47,1604.67,_48,48.71,_49,2454.91,_50,71.6,_51,8.15,_52,47.39,_53,9.0,_54,4.0,_55,19.91,_56,34.21,_57,56.17,_58,85.36,_59,10.17,_60,66.83,_61,91.93,_62,2.88,_63,86.55,_64,82.82,_65,3.15,_66,2890.7,_67,736.75,_68,16.07,_69,78.03,_70,68.03,_71,33.75,_72,79.17,_73,7.69,_74,35.33,_75,6.0,_76,31.18,_77,1156.62,_78,-0.1,_79,2.37,_80,-59.76,_81,20.71,_82,1.21,_83,1.93,_84,54.04,_85,15.81,_86,36.57,_87,0.0,_88,33.79,_89,1510.16,_90,1328.47,_91,42.95,_92,76.69,_93,47.37,_94,75.7,_95,84.57,_96,16.01,_97,12.62,_98,22.3,_99,456.93,_100,6.12,_101,1400.0,_102,3.27,_103,39.29,_105,0.61,_106,1.71,_107,45.0,_108,44.83,_109,51.05,_110,45.0,_111,6.36,_112,81.36,_113,28.76,_114,91.2,_115,43.14,_116,7.66,_117,78.09,_118,63.7,_119,81.88
MoldingMachine_57,Timestamp_61,2017-01-01T00:10:20Z,_3,1057.52,_4,1036.17,_5,1153.16,_6,47.22,_7,455.3,_8,298.14,_9,0.01,_10,9.29,_11,5.51,_12,3.24,_13,4.23,_14,51.47,_15,1.06,_16,15.46,_17,0.95,_18,0.24,_19,55.21,_20,-0.01,_21,-0.02,_22,26.32,_23,28.09,_24,41.57,_25,1.1,_26,5.16,_27,0.58,_28,1.33,_29,0.47,_30,0.06,_31,1.2,_32,270.0,_33,259.92,_34,255.05,_35,260.0,_36,18.34,_37,11.05,_38,6.8,_39,17.55,_40,456.13,_41,98.13,_42,94.23,_43,85.07,_44,75.94,_45,6.98,_46,1541.61,_47,1615.89,_48,48.71,_49,2484.91,_50,71.6,_51,8.15,_52,47.39,_53,9.0,_54,4.0,_55,19.91,_56,33.36,_57,56.17,_58,85.36,_59,10.17,_60,66.83,_61,91.93,_62,2.88,_63,86.55,_64,82.82,_65,3.07,_66,2903.7,_67,736.75,_68,16.07,_69,78.03,_70,68.82,_71,34.86,_72,79.17,_73,7.64,_74,33.28,_75,6.0,_76,31.18,_77,1175.73,_78,-0.1,_79,2.37,_80,-60.76,_81,20.71,_82,1.22,_83,2.45,_84,54.11,_85,15.81,_86,36.57,_87,0.0,_88,33.79,_89,1531.16,_90,1330.47,_91,42.95,_92,76.69,_93,47.37,_94,75.7,_95,84.57,_96,16.01,_97,12.62,_98,25.3,_99,432.05,_100,6.12,_101,1400.0,_102,3.45,_103,41.83,_105,0.61,_106,1.75,_107,45.0,_108,44.75,_109,52.59,_110,45.0,_111,6.1,_112,80.24,_113,28.76,_114,91.2,_115,43.14,_116,7.66,_117,78.09,_118,63.7,_119,81.88
MoldingMachine_57,Timestamp_62,2017-01-01T00:10:30Z,_3,1124.52,_4,1305.02,_5,1158.47,_6,45.28,_7,455.25,_8,155.98,_9,-0.0,_10,9.21,_11,5.95,_12,3.39,_13,12.0,_14,51.47,_15,0.73,_16,15.46,_17,1.04,_18,-0.27,_19,55.21,_20,0.01,_21,0.01,_22,26.32,_23,28.09,_24,41.57,_25,1.1,_26,5.16,_27,0.58,_28,1.33,_29,0.48,_30,0.05,_31,1.2,_32,270.0,_33,259.91,_34,254.97,_35,260.0,_36,17.18,_37,10.96,_38,6.57,_39,17.55,_40,456.03,_41,98.13,_42,94.23,_43,85.07,_44,75.94,_45,6.98,_46,1545.0,_47,1617.54,_48,48.71,_49,2514.91,_50,71.6,_51,8.15,_52,47.39,_53,9.0,_54,4.0,_55,19.91,_56,36.56,_57,56.17,_58,85.36,_59,10.17,_60,66.83,_61,91.93,_62,2.88,_63,86.55,_64,82.82,_65,3.04,_66,2916.7,_67,736.75,_68,16.07,_69,78.03,_70,67.8,_71,36.93,_72,79.17,_73,7.77,_74,34.88,_75,6.0,_76,31.18,_77,1155.3,_78,-0.1,_79,2.37,_80,-61.76,_81,20.71,_82,1.21,_83,1.71,_84,53.85,_85,15.81,_86,36.57,_87,0.0,_88,33.79,_89,1552.16,_90,1332.47,_91,42.95,_92,76.69,_93,47.37,_94,75.7,_95,84.57,_96,16.01,_97,12.62,_98,28.3,_99,530.05,_100,6.12,_101,1400.0,_102,3.45,_103,40.0,_105,0.62,_106,1.69,_107,45.0,_108,44.63,_109,51.71,_110,45.0,_111,6.89,_112,83.47,_113,28.76,_114,91.2,_115,43.14,_116,7.66,_117,78.09,_118,63.7,_119,81.88
