MoldingMachine_57,Timestamp_0,2017-01-01T00:00:10Z,null,null,null,null,1022.96,424.68,3276.0,0.73,-0.91,-0.0,11.98,17.2,16.64,18.17,51.47,0.96,15.46,0.98,0.04,55.21,0.01,-0.0,26.32,28.09,41.57,1.1,5.16,0.56,1.33,0.45,0.09,1.2,272.0,262.82,254.79,261.37,39.41,25.63,33.18,17.55,0.0,98.13,94.23,85.07,75.94,6.98,1543.15,1593.55,48.71,654.91,71.6,8.15,47.39,9.0,7.5,19.91,33.9,56.17,85.36,10.17,66.83,91.93,2.88,86.55,82.82,3.1,2110.7,736.75,16.07,78.03,165.0,33.71,79.17,19.6,33.31,5.9,31.18,1335.75,0.0,2.37,0.24,20.71,1.22,0.0,53.93,15.81,36.57,0.0,33.79,250.16,1208.47,42.95,76.69,47.37,75.7,84.57,16.01,12.62,838.12,3254.78,6.12,1400.0,-0.09,39.88,null,0.5,1.32,45.0,42.86,54.99,48.21,30.82,81.06,28.76,91.2,43.14,7.66,78.09,63.7,81.88
MoldingMachine_57,Timestamp_1,2017-01-01T00:00:20Z,null,null,null,null,1042.57,581.18,3276.0,0.86,238.68,0.0,9.69,13.81,3.72,9.57,51.47,1.01,15.46,1.01,0.07,55.21,0.02,-0.05,26.32,28.09,41.57,1.1,5.16,0.54,1.33,0.46,0.09,1.2,272.0,263.05,254.99,260.0,17.31,18.41,2.46,17.55,0.0,98.13,94.23,85.07,75.94,6.98,1552.27,1630.7,48.71,684.91,71.6,8.15,47.39,9.0,6.5,19.91,32.2,56.17,85.36,10.17,66.83,91.93,2.88,86.55,82.82,3.01,2123.7,736.75,16.07,78.03,66.73,33.84,79.17,12.36,34.36,6.0,31.18,1334.24,0.0,2.37,-0.76,20.71,1.23,2.37,55.0,15.81,36.57,0.0,33.79,271.16,1210.47,42.95,76.69,47.37,75.7,84.57,16.01,12.62,841.12,3352.78,6.12,1400.0,1.49,39.56,null,0.49,1.32,45.0,41.36,55.97,45.0,2.51,78.67,28.76,91.2,43.14,7.66,78.09,63.7,81.88
MoldingMachine_57,Timestamp_2,2017-01-01T00:00:30Z,null,null,null,null,1030.47,594.86,3276.0,0.03,300.1,-0.0,10.07,13.87,3.49,23.05,51.47,0.93,15.46,1.03,0.13,55.21,-0.02,0.06,26.32,28.09,41.57,1.1,5.16,0.54,1.33,0.46,0.07,1.2,272.0,262.14,255.13,260.0,19.54,18.43,7.03,17.55,0.0,98.13,94.23,85.07,75.94,6.98,1546.03,1584.39,48.71,714.91,71.6,8.15,47.39,9.0,6.5,19.91,34.27,56.17,85.36,10.17,66.83,91.93,2.88,86.55,82.82,2.96,2136.7,736.75,16.07,78.03,70.45,33.81,79.17,7.51,33.14,6.0,31.18,1324.86,0.0,2.37,-1.76,20.71,1.2,2.84,55.0,15.81,36.57,0.0,33.79,292.16,1212.47,42.95,76.69,47.37,75.7,84.57,16.01,12.62,844.12,3450.78,6.12,1400.0,1.31,42.6,null,0.51,1.37,45.0,45.08,54.55,45.0,2.66,77.92,28.76,91.2,43.14,7.66,78.09,63.7,81.88
MoldingMachine_57,Timestamp_3,2017-01-01T00:00:40Z,null,null,null,null,1389.44,574.12,3276.0,0.61,293.81,-0.0,9.05,16.0,3.15,7.35,51.47,1.02,15.46,1.05,-0.02,55.21,0.02,-0.0,26.32,28.09,41.57,1.1,5.16,0.54,1.33,0.47,0.06,1.2,272.0,262.9,255.29,260.0,17.63,18.41,6.62,17.55,0.0,98.13,94.23,85.07,75.94,6.98,1542.93,1658.5,48.71,744.91,71.6,8.15,47.39,9.0,6.5,19.91,34.8,56.17,85.36,10.17,66.83,91.93,2.88,86.55,82.82,2.99,2149.7,736.75,16.07,78.03,70.88,31.34,79.17,7.48,33.23,6.0,31.18,1318.2,0.0,2.37,-2.76,20.71,1.22,1.97,55.0,15.81,36.57,0.0,33.79,313.16,1214.47,42.95,76.69,47.37,75.7,84.57,16.01,12.62,847.12,3548.78,6.12,1400.0,3.35,42.54,null,0.49,1.37,45.0,45.35,54.25,45.0,2.2,77.23,28.76,91.2,43.14,7.66,78.09,63.7,81.88
MoldingMachine_57,Timestamp_4,2017-01-01T00:00:50Z,null,null,null,null,864.41,530.71,3276.0,2.06,81.65,-0.0,10.27,17.01,3.61,24.53,51.47,0.9,15.46,1.05,0.06,55.21,0.0,0.03,26.32,28.09,41.57,1.1,5.16,0.56,1.33,0.45,0.06,1.2,272.0,261.91,254.85,260.0,18.56,17.86,6.54,17.55,0.0,98.13,94.23,85.07,75.94,6.98,1565.76,1571.86,48.71,774.91,71.6,8.15,47.39,9.0,6.5,19.91,33.07,56.17,85.36,10.17,66.83,91.93,2.88,86.55,82.82,2.98,2162.7,736.75,16.07,78.03,70.94,28.34,79.17,7.54,33.36,6.0,31.18,1370.73,-0.01,2.37,-3.76,20.71,1.21,2.36,55.0,15.81,36.57,0.0,33.79,334.16,1216.47,42.95,76.69,47.37,75.7,84.57,16.01,12.62,850.12,3646.78,6.12,1410.0,3.44,42.48,null,0.58,1.34,45.0,44.72,54.99,45.0,21.43,80.38,28.76,91.2,43.14,7.66,78.09,63.7,81.88
MoldingMachine_57,Timestamp_5,2017-01-01T00:01:00Z,null,null,null,null,835.22,579.45,3276.0,-0.69,304.55,-0.0,9.4,14.02,3.48,6.24,51.47,0.85,15.46,0.96,0.07,55.21,-0.02,0.01,26.32,28.09,41.57,1.1,5.16,0.56,1.33,0.47,0.06,1.2,272.0,260.01,254.85,260.0,18.13,15.5,7.03,17.55,0.0,98.13,94.23,85.07,75.94,6.98,1549.73,1601.91,48.71,804.91,71.6,8.15,47.39,9.0,6.5,19.91,34.09,56.17,85.36,10.17,66.83,91.93,2.88,86.55,82.82,3.04,2175.7,736.75,16.07,78.03,71.15,31.94,79.17,7.51,35.05,6.0,31.18,1328.4,-0.0,2.37,-4.76,20.71,1.24,3.0,55.0,15.81,36.57,0.0,33.79,355.16,1218.47,42.95,76.69,47.37,75.7,84.57,16.01,12.62,853.12,3744.78,6.12,1410.0,3.36,40.06,null,0.57,1.28,45.0,45.12,53.99,45.0,24.02,79.41,28.76,91.2,43.14,7.66,78.09,63.7,81.88
MoldingMachine_57,Timestamp_6,2017-01-01T00:01:10Z,null,null,null,null,1068.1,534.71,3276.0,0.86,294.38,0.0,8.73,7.95,3.44,14.95,51.47,1.01,15.46,1.06,0.04,55.21,0.03,0.01,26.32,28.09,41.57,1.1,5.16,0.54,1.33,0.47,0.07,1.2,272.0,260.08,254.86,260.0,18.11,14.76,6.78,17.55,0.0,98.13,94.23,85.07,75.94,6.98,1541.81,1628.48,48.71,834.91,71.6,8.15,47.39,9.0,6.5,19.91,34.75,56.17,85.36,10.17,66.83,91.93,2.88,86.55,82.82,3.06,2188.7,736.75,16.07,78.03,69.4,35.38,79.17,7.5,32.05,5.9,31.18,1341.31,-0.0,2.37,-5.76,20.71,1.2,2.47,55.0,15.81,36.57,0.0,33.79,376.16,1220.47,42.95,76.69,47.37,75.7,84.57,16.01,12.62,537.21,3842.78,6.12,1410.0,3.62,41.57,null,0.59,1.25,45.0,44.91,55.23,45.0,21.87,83.09,28.76,91.2,43.14,7.66,78.09,63.7,81.88
MoldingMachine_57,Timestamp_7,2017-01-01T00:01:20Z,null,null,null,null,1057.04,547.19,3276.0,1.31,275.19,-0.0,9.71,8.99,3.3,7.98,51.47,0.91,15.46,1.02,0.09,55.21,0.02,0.0,26.32,28.09,41.57,1.1,5.16,0.56,1.33,0.46,0.07,1.2,272.0,259.92,255.11,260.0,19.18,16.16,6.36,17.55,0.0,98.13,94.23,85.07,75.94,6.98,1541.85,1567.26,48.71,864.91,71.6,8.15,47.39,9.0,6.5,19.91,33.37,56.17,85.36,10.17,66.83,91.93,2.88,86.55,82.82,2.99,2201.7,736.75,16.07,78.03,69.78,35.82,79.17,7.49,33.22,5.9,31.18,1321.97,-0.0,2.37,-6.76,20.71,1.21,2.89,55.0,15.81,36.57,0.0,33.79,397.16,1222.47,42.95,76.69,47.37,75.7,84.57,16.01,12.62,540.21,3940.78,6.12,1410.0,3.26,40.04,null,0.59,1.35,45.0,45.02,55.84,45.0,23.79,83.15,28.76,91.2,43.14,7.66,78.09,63.7,81.88
MoldingMachine_57,Timestamp_8,2017-01-01T00:01:30Z,null,null,null,5946.56,1108.86,615.67,3276.0,1.17,300.23,-0.0,9.86,9.47,3.52,18.1,51.47,0.91,15.46,1.06,-0.07,55.21,0.06,0.03,26.32,28.09,41.57,1.1,5.16,0.54,1.33,0.45,0.06,1.2,272.0,260.31,254.73,260.0,18.88,15.84,7.22,17.55,0.0,98.13,94.23,85.07,75.94,6.98,1545.56,1589.24,48.71,894.91,71.6,8.15,47.39,9.0,6.5,19.91,32.29,56.17,85.36,10.17,66.83,91.93,2.88,86.55,82.82,3.1,2214.7,736.75,16.07,78.03,67.79,34.15,79.17,7.66,32.68,6.0,31.18,1309.92,-0.0,2.37,-7.76,20.71,1.22,2.32,55.0,15.81,36.57,0.0,33.79,418.16,1224.47,42.95,76.69,47.37,75.7,84.57,16.01,12.62,543.21,4038.78,6.12,1410.0,3.62,41.95,null,0.57,1.35,45.0,45.22,54.24,45.0,23.02,79.23,28.76,91.2,43.14,7.66,78.09,63.7,81.88
MoldingMachine_57,Timestamp_9,2017-01-01T00:01:40Z,null,null,null,5946.56,1251.95,565.37,3276.0,1.75,5.59,0.0,8.68,9.3,3.36,14.43,51.47,0.92,15.46,1.01,-0.1,55.21,0.01,0.01,26.32,28.09,41.57,1.1,5.16,0.56,1.33,0.46,0.06,1.2,272.0,260.17,255.01,260.0,17.23,15.85,6.55,17.55,0.0,98.13,94.23,85.07,75.94,6.98,1555.71,1522.19,48.71,924.91,71.6,8.15,47.39,9.0,6.5,19.91,32.76,56.17,85.36,10.17,66.83,91.93,2.88,86.55,82.82,3.13,2227.7,736.75,16.07,78.03,69.14,33.04,79.17,7.66,32.99,6.0,31.18,1346.66,0.01,2.37,-8.76,20.71,1.2,2.05,55.0,15.81,36.57,0.0,33.79,439.16,1226.47,42.95,76.69,47.37,75.7,84.57,16.01,12.62,546.21,2929.89,6.12,1410.0,3.31,40.66,null,0.58,1.41,45.0,44.95,54.39,45.0,23.54,81.89,28.76,91.2,43.14,7.66,78.09,63.7,81.88
MoldingMachine_57,Timestamp_10,2017-01-01T00:01:50Z,null,null,null,5946.56,1240.86,936.04,3276.0,455.9,298.74,0.0,9.57,5.42,3.42,14.63,51.47,0.76,15.46,0.98,0.17,55.21,0.03,0.04,26.32,28.09,41.57,1.1,5.16,0.54,1.33,0.47,0.06,1.2,272.0,259.94,255.03,260.0,17.89,15.06,6.77,17.55,0.0,98.13,94.23,85.07,75.94,6.98,1573.19,1569.84,48.71,954.91,71.6,8.15,47.39,9.0,6.5,19.91,34.03,56.17,85.36,10.17,66.83,91.93,2.88,86.55,82.82,2.91,2240.7,736.75,16.07,78.03,67.32,34.1,79.17,7.7,33.5,5.9,31.18,1326.89,-0.0,2.37,-9.76,20.71,1.22,2.42,53.78,15.81,36.57,0.0,33.79,460.16,1228.47,42.95,76.69,47.37,75.7,84.57,16.01,12.62,549.21,3027.89,6.12,1410.0,3.28,40.42,null,0.57,1.48,45.0,44.98,54.03,45.0,22.3,80.62,28.76,91.2,43.14,7.66,78.09,63.7,81.88
MoldingMachine_57,Timestamp_11,2017-01-01T00:02:00Z,null,null,null,5946.56,926.23,1058.19,3276.0,455.06,193.0,-0.0,9.84,5.45,3.25,27.7,51.47,1.07,15.46,1.01,0.02,55.21,0.02,-0.01,26.32,28.09,41.57,1.1,5.16,0.54,1.33,0.47,0.06,1.2,272.0,260.15,255.11,260.0,19.36,17.29,6.87,17.55,0.0,98.13,94.23,85.07,75.94,6.98,1573.3,1620.06,48.71,984.91,71.6,8.15,47.39,9.0,6.5,19.91,36.12,56.17,85.36,10.17,66.83,91.93,2.88,86.55,82.82,3.07,2253.7,736.75,16.07,78.03,67.19,33.9,79.17,7.79,33.61,5.9,31.18,1368.29,-0.0,2.37,-10.76,20.71,1.19,2.86,54.22,15.81,36.57,0.0,33.79,481.16,1230.47,42.95,76.69,47.37,75.7,84.57,16.01,12.62,552.21,3125.89,6.12,1410.0,3.39,41.67,null,0.62,1.46,45.0,44.94,55.19,45.0,22.79,79.99,28.76,91.2,43.14,7.66,78.09,63.7,81.88
MoldingMachine_57,Timestamp_12,2017-01-01T00:02:10Z,null,null,null,5946.56,892.11,1069.37,3276.0,456.71,298.26,-0.0,9.22,4.93,3.57,14.96,51.47,1.14,15.46,0.91,-0.11,55.21,-0.01,0.03,26.32,28.09,41.57,1.1,5.16,0.54,1.33,0.46,0.06,1.2,272.0,260.0,254.93,260.0,17.87,17.06,6.94,17.55,0.0,98.13,94.23,85.07,75.94,6.98,1533.22,1571.36,48.71,1014.91,71.6,8.15,47.39,9.0,5.15,19.91,34.19,56.17,85.36,10.17,66.83,91.93,2.88,86.55,82.82,3.16,2266.7,736.75,16.07,78.03,69.51,32.06,79.17,7.72,32.3,6.0,31.18,1356.93,0.0,2.37,-11.76,20.71,1.21,2.66,54.18,15.81,36.57,0.0,33.79,502.16,1232.47,42.95,76.69,47.37,75.7,84.57,16.01,12.62,555.21,3223.89,6.12,1410.0,3.37,41.05,null,0.59,1.46,45.0,45.03,55.11,45.0,33.59,81.24,28.76,91.2,43.14,7.66,78.09,63.7,81.88
MoldingMachine_57,Timestamp_13,2017-01-01T00:02:20Z,null,null,null,5946.56,923.9,1108.14,3276.0,455.24,2.32,0.0,8.46,5.34,3.58,21.35,51.47,1.13,15.46,1.1,0.08,55.21,0.02,-0.03,26.32,28.09,41.57,1.1,5.16,0.56,1.33,0.46,0.06,1.2,271.0,260.18,254.92,260.0,19.87,18.34,6.38,17.55,0.0,98.13,94.23,85.07,75.94,6.98,1530.09,1552.66,48.71,1044.91,71.6,8.15,47.39,9.0,5.47,19.91,32.97,56.17,85.36,10.17,66.83,91.93,2.88,86.55,82.82,3.08,2279.7,736.75,16.07,78.03,69.1,34.8,79.17,7.72,33.28,6.0,31.18,1366.12,0.0,2.37,-12.76,20.71,1.2,1.91,53.83,15.81,36.57,0.0,33.79,523.16,1234.47,42.95,76.69,47.37,75.7,84.57,16.01,12.62,309.57,3321.89,6.12,1410.0,3.3,38.57,null,0.63,1.49,45.0,45.02,55.13,45.0,2.51,78.83,28.76,91.2,43.14,7.66,78.09,63.7,81.88
MoldingMachine_57,Timestamp_14,2017-01-01T00:02:30Z,null,null,null,5946.56,1116.44,1102.6,3276.0,455.16,298.92,0.0,9.08,5.69,3.51,6.57,51.47,0.74,15.46,1.04,-0.1,55.21,0.02,-0.04,26.32,28.09,41.57,1.1,5.16,0.54,1.33,0.46,0.05,1.2,271.0,259.92,254.99,260.0,17.1,18.29,6.45,17.55,0.0,98.13,94.23,85.07,75.94,6.98,1551.95,1621.7,48.71,1074.91,71.6,8.15,47.39,9.0,5.68,19.91,32.59,56.17,85.36,10.17,66.83,91.93,2.88,86.55,82.82,3.1,2292.7,736.75,16.07,78.03,68.84,33.04,79.17,7.67,34.06,5.9,31.18,1350.19,0.01,2.37,-13.76,20.71,1.21,2.59,54.35,15.81,36.57,0.0,33.79,544.16,1236.47,42.95,76.69,47.37,75.7,84.57,16.01,12.62,159.62,3419.89,6.12,1410.0,3.44,40.48,null,0.63,1.45,45.0,45.34,56.02,45.0,2.45,77.37,28.76,91.2,43.14,7.66,78.09,63.7,81.88
MoldingMachine_57,Timestamp_15,2017-01-01T00:02:40Z,null,null,null,5946.56,1018.18,1100.26,3276.0,454.92,231.07,-0.0,9.52,5.53,3.69,9.99,51.47,1.34,15.46,1.03,-0.14,55.21,-0.03,0.01,26.32,28.09,41.57,1.1,5.16,0.54,1.33,0.46,0.09,1.2,271.0,259.98,254.9,260.0,16.88,17.97,6.68,17.55,0.0,98.13,94.23,85.07,75.94,6.98,1548.97,1583.02,48.71,1104.91,71.6,8.15,47.39,9.0,4.0,19.91,33.65,56.17,85.36,10.17,66.83,91.93,2.88,86.55,82.82,3.02,2305.7,736.75,16.07,78.03,69.26,32.06,79.17,7.73,34.51,5.9,31.18,1386.36,-0.1,2.37,-14.76,20.71,1.22,1.97,55.0,15.81,36.57,0.0,33.79,565.16,1238.47,42.95,76.69,47.37,75.7,84.57,16.01,12.62,162.62,3517.89,6.12,1410.0,3.5,40.83,null,0.63,1.48,45.0,44.76,56.7,45.0,6.61,80.39,28.76,91.2,43.14,7.66,78.09,63.7,81.88
MoldingMachine_57,Timestamp_16,2017-01-01T00:02:50Z,null,null,null,5946.56,1226.48,1127.2,3276.0,454.89,5.92,0.01,9.93,5.63,3.09,28.37,51.47,0.94,15.46,0.98,0.13,55.21,0.08,-0.01,26.32,28.09,41.57,1.1,5.16,0.54,1.33,0.47,0.09,1.2,271.0,260.0,254.92,260.0,18.41,17.87,6.31,17.55,0.0,98.13,94.23,85.07,75.94,6.98,1557.24,1617.72,48.71,1134.91,71.6,8.15,47.39,9.0,4.0,19.91,32.67,56.17,85.36,10.17,66.83,91.93,2.88,86.55,82.82,2.97,2318.7,736.75,16.07,78.03,68.69,33.46,79.17,7.72,31.97,6.0,31.18,1343.18,-0.1,2.37,-15.76,20.71,1.24,2.48,55.0,15.81,36.57,0.0,33.79,586.16,1240.47,42.95,76.69,47.37,75.7,84.57,16.01,12.62,165.62,3615.89,6.12,1410.0,3.72,39.72,null,0.59,1.48,45.0,45.08,55.47,45.0,6.31,77.29,28.76,91.2,43.14,7.66,78.09,63.7,81.88
MoldingMachine_57,Timestamp_17,2017-01-01T00:03:00Z,null,null,null,5946.56,984.64,1107.98,3276.0,455.14,293.65,-0.0,9.23,5.8,3.44,12.5,51.47,1.14,15.46,1.03,0.22,55.21,-0.08,0.03,26.32,28.09,41.57,1.1,5.16,0.56,1.33,0.47,0.09,1.2,271.0,259.93,254.85,260.0,17.67,18.28,6.74,17.55,0.0,98.13,94.23,85.07,75.94,6.98,1556.62,1601.16,48.71,1164.91,71.6,8.15,47.39,9.0,4.0,19.91,32.45,56.17,85.36,10.17,66.83,91.93,2.88,86.55,82.82,2.85,2331.7,736.75,16.07,78.03,69.5,34.31,79.17,7.72,32.95,6.1,31.18,1349.83,-0.1,2.37,-16.76,20.71,1.22,2.96,55.0,15.81,36.57,0.0,33.79,607.16,1242.47,42.95,76.69,47.37,75.7,84.57,16.01,12.62,168.62,1068.55,6.12,1410.0,3.27,40.55,null,0.62,1.45,45.0,45.28,54.28,45.0,6.63,75.0,28.76,91.2,43.14,7.66,78.09,63.7,81.88
MoldingMachine_57,Timestamp_18,2017-01-01T00:03:10Z,null,null,null,5946.56,1004.36,1110.65,3276.0,454.98,185.35,0.0,9.72,5.98,3.54,26.13,51.47,0.82,15.46,0.98,0.08,55.21,0.01,0.02,26.32,28.09,41.57,1.1,5.16,0.56,1.33,0.47,0.09,1.2,271.0,260.07,255.03,260.0,17.8,15.31,6.74,17.55,0.0,98.13,94.23,85.07,75.94,6.98,1581.65,1639.82,48.71,1194.91,71.6,8.15,47.39,9.0,4.0,19.91,34.23,56.17,85.36,10.17,66.83,91.93,2.88,86.55,82.82,3.14,2344.7,736.75,16.07,78.03,69.32,35.12,79.17,7.66,32.88,6.0,31.18,1325.86,-0.1,2.37,-17.76,20.71,1.2,2.7,55.0,15.81,36.57,0.0,33.79,628.16,1244.47,42.95,76.69,47.37,75.7,84.57,16.01,12.62,171.62,1166.55,6.12,1400.0,3.47,41.73,null,0.61,1.48,45.0,45.18,54.15,45.0,6.58,79.09,28.76,91.2,43.14,7.66,78.09,63.7,81.88
MoldingMachine_57,Timestamp_19,2017-01-01T00:03:20Z,null,null,null,5946.56,1469.52,1122.27,3276.0,454.16,295.3,-0.0,9.99,6.62,3.45,16.37,51.47,0.9,15.46,0.94,-0.14,55.21,-0.07,0.05,26.32,28.09,41.57,1.1,5.16,0.53,1.33,0.47,0.1,1.2,271.0,260.04,254.82,260.0,18.87,14.4,6.55,17.55,0.0,98.13,94.23,85.07,75.94,6.98,1558.98,1598.84,48.71,1224.91,71.6,8.15,47.39,9.0,4.0,19.91,33.49,56.17,85.36,10.17,66.83,91.93,2.88,86.55,82.82,3.16,2357.7,736.75,16.07,78.03,67.39,34.59,79.17,7.67,33.72,6.0,31.18,1361.51,-0.1,2.37,-18.76,20.71,1.2,2.1,55.0,15.81,36.57,0.0,33.79,649.16,1246.47,42.95,76.69,47.37,75.7,84.57,16.01,12.62,174.62,1264.55,6.12,1400.0,3.38,40.37,null,0.6,1.46,45.0,45.06,55.8,45.0,6.76,79.47,28.76,91.2,43.14,7.66,78.09,63.7,81.88
MoldingMachine_57,Timestamp_20,2017-01-01T00:03:30Z,null,null,null,5946.56,933.72,1107.32,3276.0,454.99,301.23,0.0,8.62,5.24,3.4,6.22,51.47,1.16,15.46,0.96,0.02,55.21,-0.02,-0.03,26.32,28.09,41.57,1.1,5.16,0.56,1.33,0.47,0.1,1.2,271.0,259.97,255.15,260.0,16.19,15.15,7.07,17.55,0.0,98.13,94.23,85.07,75.94,6.98,1563.05,1586.42,48.71,1254.91,71.6,8.15,47.39,9.0,4.0,19.91,34.41,56.17,85.36,10.17,66.83,91.93,2.88,86.55,82.82,3.09,2370.7,736.75,16.07,78.03,69.64,37.7,79.17,7.64,31.62,6.1,31.18,1340.72,-0.1,2.37,-19.76,20.71,1.21,1.96,55.0,15.81,36.57,0.0,33.79,670.16,1248.47,42.95,76.69,47.37,75.7,84.57,16.01,12.62,177.62,1362.55,6.12,1400.0,3.36,40.32,null,0.61,1.53,45.0,45.32,53.9,45.0,6.61,82.42,28.76,91.2,43.14,7.66,78.09,63.7,81.88
MoldingMachine_57,Timestamp_21,2017-01-01T00:03:40Z,null,null,null,5946.56,744.88,1129.79,3276.0,454.73,293.94,-0.0,9.58,5.67,3.35,6.4,51.47,0.94,15.46,0.98,0.07,55.21,-0.07,-0.03,26.32,28.09,41.57,1.1,5.16,0.54,1.33,0.47,0.09,1.2,271.0,260.19,255.06,260.0,19.44,13.12,6.32,17.55,0.0,98.13,94.23,85.07,75.94,6.98,1541.31,1548.29,48.71,1284.91,71.6,8.15,47.39,9.0,4.0,19.91,33.77,56.17,85.36,10.17,66.83,91.93,2.88,86.55,82.82,3.12,2383.7,736.75,16.07,78.03,68.59,29.75,79.17,7.71,35.82,6.0,31.18,1350.96,-0.1,2.37,-20.76,20.71,1.23,2.77,55.0,15.81,36.57,0.0,33.79,691.16,1250.47,42.95,76.69,47.37,75.7,84.57,16.01,12.62,180.62,386.74,6.12,1400.0,3.35,39.73,null,0.6,1.53,45.0,44.75,54.54,45.0,6.7,81.06,28.76,91.2,43.14,7.66,78.09,63.7,81.88
MoldingMachine_57,Timestamp_22,2017-01-01T00:03:50Z,null,null,null,5946.56,1140.64,1102.27,3276.0,455.63,87.66,-0.0,9.48,5.67,3.65,20.82,51.47,0.77,15.46,1.03,-0.2,55.21,-0.0,-0.01,26.32,28.09,41.57,1.1,5.16,0.56,1.33,0.46,0.09,1.2,271.0,259.88,254.76,260.0,16.9,13.06,6.97,17.55,0.0,98.13,94.23,85.07,75.94,6.98,1553.94,1603.37,48.71,1314.91,71.6,8.15,47.39,9.0,4.0,19.91,35.06,56.17,85.36,10.17,66.83,91.93,2.88,86.55,82.82,2.9,2396.7,736.75,16.07,78.03,69.56,31.81,79.17,7.71,32.19,6.0,31.18,1346.86,-0.1,2.37,-21.76,20.71,1.24,2.15,55.0,15.81,36.57,0.0,33.79,712.16,1252.47,42.95,76.69,47.37,75.7,84.57,16.01,12.62,37.47,484.74,6.12,1400.0,3.4,40.18,null,0.6,1.54,45.0,45.01,57.23,45.0,7.31,81.2,28.76,91.2,43.14,7.66,78.09,63.7,81.88
MoldingMachine_57,Timestamp_23,2017-01-01T00:04:00Z,null,null,null,5946.56,996.8,1110.44,3276.0,455.25,299.49,0.01,9.55,5.83,3.38,7.43,51.47,1.01,15.46,1.07,-0.09,55.21,-0.04,0.01,26.32,28.09,41.57,1.1,5.16,0.56,1.33,0.46,0.09,1.2,271.0,260.14,254.96,260.0,19.33,13.58,6.67,17.55,0.0,98.13,94.23,85.07,75.94,6.98,1534.27,1542.7,48.71,1344.91,71.6,8.15,47.39,9.0,4.0,19.91,32.48,56.17,85.36,10.17,66.83,91.93,2.88,86.55,82.82,3.0,2409.7,736.75,16.07,78.03,68.72,32.36,79.17,7.79,33.02,6.0,31.18,1318.09,-0.1,2.37,-22.76,20.71,1.24,2.8,55.0,15.81,36.57,0.0,33.79,733.16,1254.47,42.95,76.69,47.37,75.7,84.57,16.01,12.62,40.47,582.74,6.12,1400.0,3.41,40.86,null,0.6,1.56,45.0,44.87,55.63,45.0,6.38,79.0,28.76,91.2,43.14,7.66,78.09,63.7,81.88
MoldingMachine_57,Timestamp_24,2017-01-01T00:04:10Z,null,null,null,5946.56,1149.8,1104.0,3276.0,457.12,-0.98,0.0,9.53,5.85,3.73,19.74,51.47,0.86,15.46,1.07,0.12,55.21,0.09,-0.08,26.32,28.09,41.57,1.1,5.16,0.54,1.33,0.47,0.1,1.2,271.0,259.98,255.03,260.0,17.66,13.19,6.66,17.55,0.0,98.13,94.23,85.07,75.94,6.98,1535.35,1624.36,48.71,1374.91,71.6,8.15,47.39,9.0,4.0,19.91,32.67,56.17,85.36,10.17,66.83,91.93,2.88,86.55,82.82,2.94,2422.7,736.75,16.07,78.03,69.57,36.24,79.17,7.68,32.33,6.0,31.18,1351.22,-0.1,2.37,-23.76,20.71,1.24,2.41,55.0,15.81,36.57,0.0,33.79,754.16,1256.47,42.95,76.69,47.37,75.7,84.57,16.01,12.62,43.47,445.09,6.12,1400.0,3.32,40.4,null,0.6,1.59,45.0,45.1,56.5,45.0,6.86,79.16,28.76,91.2,43.14,7.66,78.09,63.7,81.88
MoldingMachine_57,Timestamp_25,2017-01-01T00:04:20Z,null,null,null,5946.56,1201.23,1108.5,47.43,455.7,298.55,0.0,9.89,5.71,3.01,7.66,51.47,0.91,15.46,0.96,-0.02,55.21,-0.01,0.03,26.32,28.09,41.57,1.1,5.16,0.54,1.33,0.47,0.09,1.2,271.0,260.02,255.08,260.0,19.05,12.36,6.67,17.55,0.0,98.13,94.23,85.07,75.94,6.98,1521.98,1609.36,48.71,1404.91,71.6,8.15,47.39,9.0,4.0,19.91,33.43,56.17,85.36,10.17,66.83,91.93,2.88,86.55,82.82,3.04,2435.7,736.75,16.07,78.03,69.11,31.93,79.17,7.72,33.14,6.0,31.18,1337.6,-0.1,2.37,-24.76,20.71,1.2,2.91,54.12,15.81,36.57,0.0,33.79,775.16,1258.47,42.95,76.69,47.37,75.7,84.57,16.01,12.62,6.92,543.09,6.12,1400.0,3.38,39.73,null,0.59,1.57,45.0,44.9,55.64,45.0,7.07,80.51,28.76,91.2,43.14,7.66,78.09,63.7,81.88
MoldingMachine_57,Timestamp_26,2017-01-01T00:04:30Z,null,null,null,5946.56,1210.97,1123.5,50.38,455.63,295.83,0.0,8.71,6.0,3.07,27.11,51.47,1.11,15.46,0.97,0.01,55.21,-0.04,-0.02,26.32,28.09,41.57,1.1,5.16,0.56,1.33,0.46,0.09,1.2,271.0,260.07,254.97,260.0,19.61,12.36,6.5,17.55,0.0,98.13,94.23,85.07,75.94,6.98,1540.7,1623.52,48.71,1434.91,71.6,8.15,47.39,9.0,4.0,19.91,33.32,56.17,85.36,10.17,66.83,91.93,2.88,86.55,82.82,3.12,2448.7,736.75,16.07,78.03,70.4,32.94,79.17,7.7,32.71,6.0,31.18,1349.7,-0.1,2.37,-25.76,20.71,1.21,2.2,54.18,15.81,36.57,0.0,33.79,796.16,1260.47,42.95,76.69,47.37,75.7,84.57,16.01,12.62,8.75,641.09,6.12,1400.0,3.29,41.22,null,0.62,1.56,45.0,44.93,56.59,45.0,7.06,80.6,28.76,91.2,43.14,7.66,78.09,63.7,81.88
MoldingMachine_57,Timestamp_27,2017-01-01T00:04:40Z,null,null,null,5946.56,1129.84,1154.16,42.59,454.6,163.54,-0.0,10.24,5.57,3.3,9.37,51.47,0.97,15.46,1.03,-0.03,55.21,0.02,-0.02,26.32,28.09,41.57,1.1,5.16,0.54,1.33,0.47,0.08,1.2,271.0,259.82,255.13,260.0,18.78,11.82,6.81,17.55,451.38,98.13,94.23,85.07,75.94,6.98,1530.48,1593.02,48.71,1464.91,71.6,8.15,47.39,9.0,4.0,19.91,32.55,56.17,85.36,10.17,66.83,91.93,2.88,86.55,82.82,3.24,2461.7,736.75,16.07,78.03,68.16,32.15,79.17,7.62,32.85,5.9,31.18,1328.32,-0.1,2.37,-26.76,20.71,1.23,1.92,54.15,15.81,36.57,0.0,33.79,817.16,1262.47,42.95,76.69,47.37,75.7,84.57,16.01,12.62,11.75,651.03,6.12,1400.0,3.28,40.01,null,0.63,1.56,45.0,44.9,54.21,45.0,7.09,79.32,28.76,91.2,43.14,7.66,78.09,63.7,81.88
MoldingMachine_57,Timestamp_28,2017-01-01T00:04:50Z,null,null,null,5946.56,1060.92,1158.89,51.23,455.31,302.23,0.01,8.69,5.56,3.54,20.89,51.47,0.8,15.46,0.97,0.19,55.21,0.03,-0.01,26.32,28.09,41.57,1.1,5.16,0.56,1.33,0.46,0.09,1.2,271.0,260.03,254.94,260.0,16.83,12.26,6.51,17.55,453.67,98.13,94.23,85.07,75.94,6.98,1558.92,1606.6,48.71,1494.91,71.6,8.15,47.39,9.0,4.0,19.91,33.42,56.17,85.36,10.17,66.83,91.93,2.88,86.55,82.82,3.05,2474.7,736.75,16.07,78.03,67.84,33.2,79.17,7.72,32.72,5.9,31.18,1353.79,-0.1,2.37,-27.76,20.71,1.2,2.43,54.18,15.81,36.57,0.0,33.79,838.16,1264.47,42.95,76.69,47.37,75.7,84.57,16.01,12.62,14.75,749.03,6.12,1400.0,3.48,38.84,null,0.63,1.57,45.0,44.92,55.34,45.0,6.81,77.99,28.76,91.2,43.14,7.66,78.09,63.7,81.88
MoldingMachine_57,Timestamp_29,2017-01-01T00:05:00Z,null,null,null,5946.56,1195.62,1156.15,45.15,455.18,6.94,-0.0,9.69,4.9,3.43,16.81,51.47,1.16,15.46,1.01,0.04,55.21,-0.03,0.02,26.32,28.09,41.57,1.1,5.16,0.54,1.33,0.46,0.09,1.2,271.0,260.11,255.0,260.0,18.06,10.81,6.13,17.55,454.24,98.13,94.23,85.07,75.94,6.98,1553.92,1599.53,48.71,1524.91,71.6,8.15,47.39,9.0,4.0,19.91,33.54,56.17,85.36,10.17,66.83,91.93,2.88,86.55,82.82,3.11,2487.7,736.75,16.07,78.03,69.54,32.49,79.17,7.74,31.9,5.9,31.18,1328.9,-0.1,2.37,-28.76,20.71,1.21,1.95,53.99,15.81,36.57,0.0,33.79,859.16,1266.47,42.95,76.69,47.37,75.7,84.57,16.01,12.62,17.75,847.03,6.12,1400.0,3.22,41.25,null,0.61,1.57,45.0,44.86,54.48,45.0,6.36,80.06,28.76,91.2,43.14,7.66,78.09,63.7,81.88
MoldingMachine_57,Timestamp_30,2017-01-01T00:05:10Z,null,null,null,5946.56,991.32,1152.3,56.03,453.95,188.48,0.0,9.65,5.74,3.51,17.66,51.47,1.08,15.46,1.04,0.13,55.21,0.02,-0.03,26.32,28.09,41.57,1.1,5.16,0.54,1.33,0.47,0.09,1.2,270.0,259.85,255.1,260.0,18.6,11.26,6.5,17.55,455.35,98.13,94.23,85.07,75.94,6.98,1556.01,1650.7,48.71,1554.91,71.6,8.15,47.39,9.0,4.0,19.91,34.07,56.17,85.36,10.17,66.83,91.93,2.88,86.55,82.82,2.99,2500.7,736.75,16.07,78.03,70.51,34.5,79.17,7.62,35.32,5.9,31.18,1358.22,-0.1,2.37,-29.76,20.71,1.2,2.72,54.13,15.81,36.57,0.0,33.79,880.16,1268.47,42.95,76.69,47.37,75.7,84.57,16.01,12.62,20.75,945.03,6.12,1400.0,3.34,39.56,null,0.65,1.58,45.0,45.08,54.99,45.0,6.79,79.29,28.76,91.2,43.14,7.66,78.09,63.7,81.88
MoldingMachine_57,Timestamp_31,2017-01-01T00:05:20Z,null,null,null,5946.56,598.58,1153.11,48.27,455.18,302.66,-0.01,9.43,5.52,3.46,27.8,51.47,1.33,15.46,1.0,0.11,55.21,-0.02,-0.01,26.32,28.09,41.57,1.1,5.16,0.56,1.33,0.46,0.09,1.2,270.0,260.06,254.9,260.0,17.27,10.97,6.96,17.55,456.68,98.13,94.23,85.07,75.94,6.98,1571.17,1593.34,48.71,1584.91,71.6,8.15,47.39,9.0,4.0,19.91,33.49,56.17,85.36,10.17,66.83,91.93,2.88,86.55,82.82,2.94,2513.7,736.75,16.07,78.03,68.16,31.37,79.17,7.69,34.0,6.0,31.18,1339.37,-0.1,2.37,-30.76,20.71,1.23,2.44,54.13,15.81,36.57,0.0,33.79,901.16,1270.47,42.95,76.69,47.37,75.7,84.57,16.01,12.62,23.75,1043.03,6.12,1400.0,3.41,39.68,null,0.62,1.56,45.0,45.02,56.0,45.0,6.81,77.59,28.76,91.2,43.14,7.66,78.09,63.7,81.88
MoldingMachine_57,Timestamp_32,2017-01-01T00:05:30Z,null,null,null,5946.56,1267.46,1160.57,46.61,455.67,268.55,-0.0,9.15,5.35,3.14,6.84,51.47,1.14,15.46,1.04,0.03,55.21,-0.06,-0.04,26.32,28.09,41.57,1.1,5.16,0.54,1.33,0.47,0.1,1.2,270.0,260.0,254.88,260.0,17.08,10.69,6.98,17.55,455.98,98.13,94.23,85.07,75.94,6.98,1537.53,1573.78,48.71,1614.91,71.6,8.15,47.39,9.0,4.0,19.91,34.48,56.17,85.36,10.17,66.83,91.93,2.88,86.55,82.82,3.02,2526.7,736.75,16.07,78.03,68.58,32.76,79.17,7.73,34.75,6.0,31.18,1315.76,-0.1,2.37,-31.76,20.71,1.22,2.7,54.08,15.81,36.57,0.0,33.79,922.16,1272.47,42.95,76.69,47.37,75.7,84.57,16.01,12.62,26.75,1141.03,6.12,1400.0,3.36,41.11,null,0.61,1.59,45.0,45.05,54.76,45.0,6.54,78.7,28.76,91.2,43.14,7.66,78.09,63.7,81.88
MoldingMachine_57,Timestamp_33,2017-01-01T00:05:40Z,null,null,null,5946.56,761.23,1165.02,43.0,455.12,298.86,-0.0,8.59,5.73,3.48,21.19,51.47,1.02,15.46,0.97,-0.38,55.21,-0.07,-0.0,26.32,28.09,41.57,1.1,5.16,0.54,1.33,0.47,0.1,1.2,270.0,260.01,255.07,260.0,17.06,10.79,7.12,17.55,453.43,98.13,94.23,85.07,75.94,6.98,1539.27,1625.2,48.71,1644.91,71.6,8.15,47.39,9.0,4.0,19.91,33.69,56.17,85.36,10.17,66.83,91.93,2.88,86.55,82.82,3.06,2539.7,736.75,16.07,78.03,70.47,33.58,79.17,7.7,34.58,5.9,31.18,1354.56,-0.1,2.37,-32.76,20.71,1.22,2.25,53.81,15.81,36.57,0.0,33.79,943.16,1274.47,42.95,76.69,47.37,75.7,84.57,16.01,12.62,29.75,287.98,6.12,1400.0,3.32,40.7,null,0.62,1.57,45.0,45.01,55.07,45.0,6.9,77.75,28.76,91.2,43.14,7.66,78.09,63.7,81.88
MoldingMachine_57,Timestamp_34,2017-01-01T00:05:50Z,null,null,null,5946.56,1131.31,1161.94,44.76,455.73,301.73,0.0,9.32,5.56,3.22,5.57,51.47,0.95,15.46,0.99,-0.05,55.21,-0.01,0.02,26.32,28.09,41.57,1.1,5.16,0.54,1.33,0.46,0.09,1.2,270.0,259.9,255.09,260.0,18.52,11.12,6.56,17.55,455.49,98.13,94.23,85.07,75.94,6.98,1563.23,1566.08,48.71,1674.91,71.6,8.15,47.39,9.0,4.0,19.91,33.78,56.17,85.36,10.17,66.83,91.93,2.88,86.55,82.82,3.07,2552.7,736.75,16.07,78.03,67.53,37.33,79.17,7.61,35.32,5.9,31.18,1165.65,-0.1,2.37,-33.76,20.71,1.22,1.93,54.2,15.81,36.57,0.0,33.79,964.16,1276.47,42.95,76.69,47.37,75.7,84.57,16.01,12.62,18.55,153.25,6.12,1400.0,3.32,40.99,null,0.63,1.61,45.0,45.15,54.61,45.0,6.45,78.54,28.76,91.2,43.14,7.66,78.09,63.7,81.88
MoldingMachine_57,Timestamp_35,2017-01-01T00:06:00Z,null,null,null,5946.56,1094.04,1155.1,46.83,455.69,-0.07,-0.0,9.83,5.61,3.6,7.48,51.47,0.75,15.46,1.04,0.05,55.21,0.03,-0.0,26.32,28.09,41.57,1.1,5.16,0.54,1.33,0.46,0.08,1.2,270.0,259.85,254.95,260.0,17.87,10.74,6.73,17.55,454.68,98.13,94.23,85.07,75.94,6.98,1556.68,1571.8,48.71,1704.91,71.6,8.15,47.39,9.0,4.0,19.91,33.64,56.17,85.36,10.17,66.83,91.93,2.88,86.55,82.82,3.06,2565.7,736.75,16.07,78.03,68.57,33.8,79.17,7.62,32.98,5.9,31.18,1168.35,-0.1,2.37,-34.76,20.71,1.24,1.58,54.13,15.81,36.57,0.0,33.79,985.16,1278.47,42.95,76.69,47.37,75.7,84.57,16.01,12.62,21.55,251.25,6.12,1400.0,3.38,39.19,null,0.62,1.6,45.0,45.08,50.5,45.0,6.67,83.5,28.76,91.2,43.14,7.66,78.09,63.7,81.88
MoldingMachine_57,Timestamp_36,2017-01-01T00:06:10Z,null,null,null,5946.56,1255.94,1162.5,46.17,454.99,296.92,-0.0,9.31,6.0,3.17,16.99,51.47,1.01,15.46,1.02,0.09,55.21,-0.03,0.0,26.32,28.09,41.57,1.1,5.16,0.56,1.33,0.45,0.07,1.2,270.0,259.97,254.97,260.0,16.6,10.5,6.92,17.55,455.99,98.13,94.23,85.07,75.94,6.98,1556.44,1602.29,48.71,1734.91,71.6,8.15,47.39,9.0,4.0,19.91,33.11,56.17,85.36,10.17,66.83,91.93,2.88,86.55,82.82,2.97,2578.7,736.75,16.07,78.03,69.33,32.71,79.17,7.67,32.64,6.0,31.18,1163.03,-0.1,2.37,-35.76,20.71,1.22,2.57,53.84,15.81,36.57,0.0,33.79,1006.16,1280.47,42.95,76.69,47.37,75.7,84.57,16.01,12.62,14.72,290.76,6.12,1400.0,3.35,38.86,null,0.62,1.62,45.0,44.75,51.98,45.0,6.66,79.56,28.76,91.2,43.14,7.66,78.09,63.7,81.88
MoldingMachine_57,Timestamp_37,2017-01-01T00:06:20Z,null,null,null,5946.56,1046.73,1150.74,48.53,455.62,300.46,-0.0,9.65,5.41,3.2,28.71,51.47,0.88,15.46,1.03,0.18,55.21,-0.01,-0.01,26.32,28.09,41.57,1.1,5.16,0.54,1.33,0.47,0.06,1.2,270.0,259.92,255.03,260.0,19.77,10.64,6.77,17.55,456.67,98.13,94.23,85.07,75.94,6.98,1531.37,1594.11,48.71,1764.91,71.6,8.15,47.39,9.0,4.0,19.91,33.21,56.17,85.36,10.17,66.83,91.93,2.88,86.55,82.82,3.11,2591.7,736.75,16.07,78.03,69.43,32.0,79.17,7.65,33.97,6.0,31.18,1172.18,-0.1,2.37,-36.76,20.71,1.22,2.21,53.89,15.81,36.57,0.0,33.79,1027.16,1282.47,42.95,76.69,47.37,75.7,84.57,16.01,12.62,17.72,179.33,6.12,1400.0,3.4,39.53,null,0.6,1.67,45.0,44.89,55.66,45.0,6.65,78.55,28.76,91.2,43.14,7.66,78.09,63.7,81.88
MoldingMachine_57,Timestamp_38,2017-01-01T00:06:30Z,null,null,null,5946.56,1249.57,1176.44,42.51,455.58,296.88,-0.0,9.05,6.15,3.54,19.96,51.47,1.2,15.46,1.01,-0.08,55.21,-0.01,-0.02,26.32,28.09,41.57,1.1,5.16,0.55,1.33,0.47,0.06,1.2,270.0,259.99,254.92,260.0,18.33,11.13,6.73,17.55,455.32,98.13,94.23,85.07,75.94,6.98,1538.93,1613.47,48.71,1794.91,71.6,8.15,47.39,9.0,4.0,19.91,33.36,56.17,85.36,10.17,66.83,91.93,2.88,86.55,82.82,3.24,2604.7,736.75,16.07,78.03,70.41,33.05,79.17,7.65,32.76,5.9,31.18,1173.42,-0.1,2.37,-37.76,20.71,1.22,3.03,53.91,15.81,36.57,0.0,33.79,1048.16,1284.47,42.95,76.69,47.37,75.7,84.57,16.01,12.62,20.72,199.15,6.12,1400.0,3.37,41.44,null,0.63,1.68,45.0,45.3,54.78,45.0,6.76,79.73,28.76,91.2,43.14,7.66,78.09,63.7,81.88
MoldingMachine_57,Timestamp_39,2017-01-01T00:06:40Z,null,null,null,5946.56,1023.53,1184.24,44.49,455.62,235.26,-0.0,9.79,6.25,3.35,6.85,51.47,0.9,15.46,1.0,-0.11,55.21,0.01,0.01,26.32,28.09,41.57,1.1,5.16,0.56,1.33,0.47,0.06,1.2,270.0,260.01,255.04,260.0,18.87,10.65,7.09,17.55,453.06,98.13,94.23,85.07,75.94,6.98,1547.63,1557.33,48.71,1824.91,71.6,8.15,47.39,9.0,4.0,19.91,32.35,56.17,85.36,10.17,66.83,91.93,2.88,86.55,82.82,3.22,2617.7,736.75,16.07,78.03,68.92,32.67,79.17,7.63,31.8,6.0,31.18,1197.01,0.0,2.37,-38.76,20.71,1.22,2.85,54.17,15.81,36.57,0.0,33.79,1069.16,1286.47,42.95,76.69,47.37,75.7,84.57,16.01,12.62,9.12,297.15,6.12,1400.0,3.43,41.18,null,0.61,1.71,45.0,44.94,55.34,45.0,6.95,78.64,28.76,91.2,43.14,7.66,78.09,63.7,81.88
MoldingMachine_57,Timestamp_40,2017-01-01T00:06:50Z,null,null,null,5946.56,939.34,1173.25,37.77,455.14,3.18,-0.0,9.42,6.18,3.37,15.48,51.47,0.9,15.46,0.99,-0.08,55.21,0.01,0.02,26.32,28.09,41.57,1.1,5.16,0.56,1.33,0.46,0.06,1.2,270.0,259.88,255.07,260.0,19.32,10.61,6.43,17.55,455.69,98.13,94.23,85.07,75.94,6.98,1567.64,1580.83,48.71,1854.91,71.6,8.15,47.39,9.0,4.0,19.91,34.15,56.17,85.36,10.17,66.83,91.93,2.88,86.55,82.82,3.12,2630.7,736.75,16.07,78.03,67.75,38.39,79.17,7.67,33.27,6.0,31.18,1180.91,0.01,2.37,-39.76,20.71,1.22,1.62,53.8,15.81,36.57,0.0,33.79,1090.16,1288.47,42.95,76.69,47.37,75.7,84.57,16.01,12.62,12.12,395.15,6.12,1400.0,3.3,40.79,null,0.61,1.69,45.0,44.78,54.48,45.0,7.26,78.59,28.76,91.2,43.14,7.66,78.09,63.7,81.88
MoldingMachine_57,Timestamp_41,2017-01-01T00:07:00Z,null,null,null,5946.56,1345.38,1179.77,52.62,454.68,238.96,0.0,9.48,5.74,3.42,10.73,51.47,1.3,15.46,0.99,-0.1,55.21,0.03,-0.0,26.32,28.09,41.57,1.1,5.16,0.54,1.33,0.47,0.05,1.2,270.0,260.02,255.03,260.0,18.84,11.07,6.38,17.55,456.33,98.13,94.23,85.07,75.94,6.98,1528.64,1652.32,48.71,1884.91,71.6,8.15,47.39,9.0,4.0,19.91,33.34,56.17,85.36,10.17,66.83,91.93,2.88,86.55,82.82,3.03,2643.7,736.75,16.07,78.03,69.65,34.44,79.17,7.7,33.75,6.0,31.18,1161.69,-0.1,2.37,-40.76,20.71,1.21,2.25,54.11,15.81,36.57,0.0,33.79,1111.16,1290.47,42.95,76.69,47.37,75.7,84.57,16.01,12.62,15.12,493.15,6.12,1400.0,3.36,41.54,null,0.58,1.7,45.0,44.88,53.31,45.0,6.52,80.21,28.76,91.2,43.14,7.66,78.09,63.7,81.88
MoldingMachine_57,Timestamp_42,2017-01-01T00:07:10Z,null,null,null,5946.56,1185.11,1185.37,43.66,455.61,-13.48,-0.0,9.05,6.03,3.54,5.18,51.47,0.9,15.46,1.03,0.23,55.21,-0.03,-0.02,26.32,28.09,41.57,1.1,5.16,0.56,1.33,0.47,0.02,1.2,270.0,259.9,254.92,260.0,16.63,11.25,6.96,17.55,453.63,98.13,94.23,85.07,75.94,6.98,1547.17,1599.9,48.71,1914.91,71.6,8.15,47.39,9.0,4.0,19.91,34.98,56.17,85.36,10.17,66.83,91.93,2.88,86.55,82.82,3.09,2656.7,736.75,16.07,78.03,69.25,34.39,79.17,7.74,34.1,6.0,31.18,1163.16,-0.1,2.37,-41.76,20.71,1.22,2.45,53.9,15.81,36.57,0.0,33.79,1132.16,1292.47,42.95,76.69,47.37,75.7,84.57,16.01,12.62,7.07,591.15,6.12,1400.0,3.31,39.1,null,0.61,1.68,45.0,45.24,55.4,45.0,6.26,78.53,28.76,91.2,43.14,7.66,78.09,63.7,81.88
MoldingMachine_57,Timestamp_43,2017-01-01T00:07:20Z,null,null,null,5946.56,1036.79,1188.17,44.26,455.0,297.88,0.0,9.07,5.84,3.38,24.54,51.47,1.12,15.46,1.05,0.0,55.21,0.12,-0.02,26.32,28.09,41.57,1.1,5.16,0.54,1.33,0.47,0.02,1.2,270.0,260.12,254.84,260.0,18.04,10.9,6.99,17.55,455.1,98.13,94.23,85.07,75.94,6.98,1559.02,1598.51,48.71,1944.91,71.6,8.15,47.39,9.0,4.0,19.91,32.12,56.17,85.36,10.17,66.83,91.93,2.88,86.55,82.82,3.04,2669.7,736.75,16.07,78.03,69.52,36.38,79.17,7.68,34.3,6.0,31.18,1159.56,-0.1,2.37,-42.76,20.71,1.22,2.97,54.27,15.81,36.57,0.0,33.79,1153.16,1294.47,42.95,76.69,47.37,75.7,84.57,16.01,12.62,10.07,689.15,6.12,1400.0,3.59,41.86,null,0.63,1.67,45.0,44.9,54.78,45.0,6.87,79.2,28.76,91.2,43.14,7.66,78.09,63.7,81.88
MoldingMachine_57,Timestamp_44,2017-01-01T00:07:30Z,null,null,null,5946.56,1187.46,1181.35,54.34,454.56,298.66,-0.0,9.96,5.18,3.59,7.86,51.47,1.0,15.46,1.01,-0.22,55.21,0.03,-0.01,26.32,28.09,41.57,1.1,5.16,0.54,1.33,0.46,0.02,1.2,270.0,260.02,255.25,260.0,17.61,11.0,6.77,17.55,454.45,98.13,94.23,85.07,75.94,6.98,1570.33,1612.61,48.71,1974.91,71.6,8.15,47.39,9.0,4.0,19.91,33.34,56.17,85.36,10.17,66.83,91.93,2.88,86.55,82.82,3.07,2682.7,736.75,16.07,78.03,69.02,37.18,79.17,7.56,34.75,5.9,31.18,1160.95,-0.1,2.37,-43.76,20.71,1.24,2.4,54.26,15.81,36.57,0.0,33.79,1174.16,1296.47,42.95,76.69,47.37,75.7,84.57,16.01,12.62,13.07,787.15,6.12,1400.0,3.39,41.51,null,0.62,1.66,45.0,44.68,53.5,45.0,6.62,81.92,28.76,91.2,43.14,7.66,78.09,63.7,81.88
MoldingMachine_57,Timestamp_45,2017-01-01T00:07:40Z,null,null,null,5946.56,960.96,1185.56,45.04,454.87,10.92,-0.0,8.91,5.53,3.35,24.28,51.47,1.05,15.46,1.02,-0.03,55.21,0.02,-0.0,26.32,28.09,41.57,1.1,5.16,0.54,1.33,0.47,0.01,1.2,270.0,260.09,254.88,260.0,18.12,10.38,6.74,17.55,454.97,98.13,94.23,85.07,75.94,6.98,1532.72,1580.64,48.71,2004.91,71.6,8.15,47.39,9.0,4.0,19.91,32.94,56.17,85.36,10.17,66.83,91.93,2.88,86.55,82.82,3.12,2695.7,736.75,16.07,78.03,68.47,34.1,79.17,7.63,33.54,6.0,31.18,1152.71,-0.1,2.37,-44.76,20.71,1.22,2.46,53.95,15.81,36.57,0.0,33.79,1195.16,1298.47,42.95,76.69,47.37,75.7,84.57,16.01,12.62,4.03,507.93,6.12,1400.0,3.63,40.93,null,0.64,1.7,45.0,45.1,55.15,45.0,6.97,79.76,28.76,91.2,43.14,7.66,78.09,63.7,81.88
MoldingMachine_57,Timestamp_46,2017-01-01T00:07:50Z,null,null,null,5946.56,1134.08,1179.19,48.52,454.65,-3.42,0.0,8.98,5.86,3.14,8.36,51.47,0.83,15.46,0.98,0.06,55.21,-0.05,-0.01,26.32,28.09,41.57,1.1,5.16,0.54,1.33,0.46,0.0,1.2,270.0,260.09,255.01,260.0,17.25,11.1,6.39,17.55,452.88,98.13,94.23,85.07,75.94,6.98,1558.3,1613.36,48.71,2034.91,71.6,8.15,47.39,9.0,4.0,19.91,35.25,56.17,85.36,10.17,66.83,91.93,2.88,86.55,82.82,2.91,2708.7,736.75,16.07,78.03,71.59,33.07,79.17,7.7,32.01,6.0,31.18,1149.41,-0.1,2.37,-45.76,20.71,1.2,1.88,54.1,15.81,36.57,0.0,33.79,1216.16,1300.47,42.95,76.69,47.37,75.7,84.57,16.01,12.62,7.03,605.93,6.12,1410.0,3.37,42.63,null,0.63,1.71,45.0,44.92,57.36,45.0,6.55,79.75,28.76,91.2,43.14,7.66,78.09,63.7,81.88
MoldingMachine_57,Timestamp_47,2017-01-01T00:08:00Z,null,null,null,5946.56,824.51,1167.85,43.52,455.93,294.59,0.0,9.1,5.74,3.59,26.82,51.47,1.02,15.46,0.99,-0.1,55.21,-0.07,0.03,26.32,28.09,41.57,1.1,5.16,0.54,1.33,0.47,0.01,1.2,270.0,260.09,254.94,260.0,17.75,11.29,7.03,17.55,454.53,98.13,94.23,85.07,75.94,6.98,1549.2,1609.08,48.71,2064.91,71.6,8.15,47.39,9.0,4.0,19.91,33.31,56.17,85.36,10.17,66.83,91.93,2.88,86.55,82.82,2.95,2721.7,736.75,16.07,78.03,68.62,32.09,79.17,7.65,34.48,6.0,31.18,1180.98,-0.1,2.37,-46.76,20.71,1.22,2.36,53.8,15.81,36.57,0.0,33.79,1237.16,1302.47,42.95,76.69,47.37,75.7,84.57,16.01,12.62,10.03,703.93,6.12,1410.0,3.29,39.69,null,0.59,1.74,45.0,44.63,57.59,45.0,6.84,80.91,28.76,91.2,43.14,7.66,78.09,63.7,81.88
MoldingMachine_57,Timestamp_48,2017-01-01T00:08:10Z,null,null,null,5946.56,933.55,1195.34,51.91,455.16,37.03,0.0,8.53,5.67,3.46,12.64,51.47,1.14,15.46,1.02,0.14,55.21,0.03,-0.02,26.32,28.09,41.57,1.1,5.16,0.56,1.33,0.46,0.0,1.2,270.0,259.97,255.12,260.0,17.35,10.9,6.85,17.55,454.49,98.13,94.23,85.07,75.94,6.98,1555.84,1603.15,48.71,2094.91,71.6,8.15,47.39,9.0,4.0,19.91,34.16,56.17,85.36,10.17,66.83,91.93,2.88,86.55,82.82,3.24,2734.7,736.75,16.07,78.03,68.78,34.0,79.17,7.76,32.91,6.0,31.18,1160.46,-0.1,2.37,-47.76,20.71,1.22,2.77,53.47,15.81,36.57,0.0,33.79,1258.16,1304.47,42.95,76.69,47.37,75.7,84.57,16.01,12.62,13.03,801.93,6.12,1410.0,3.4,39.75,null,0.59,1.71,45.0,44.92,55.02,45.0,6.93,82.25,28.76,91.2,43.14,7.66,78.09,63.7,81.88
MoldingMachine_57,Timestamp_49,2017-01-01T00:08:20Z,null,null,null,5946.56,1184.78,1163.93,38.7,455.83,299.67,0.0,8.54,5.39,3.22,7.59,51.47,0.83,15.46,0.96,-0.11,55.21,0.08,0.03,26.32,28.09,41.57,1.1,5.16,0.56,1.33,0.46,0.0,1.2,270.0,259.98,255.06,260.0,17.51,11.12,6.44,17.55,456.87,98.13,94.23,85.07,75.94,6.98,1533.62,1596.48,48.71,2124.91,71.6,8.15,47.39,9.0,4.0,19.91,33.47,56.17,85.36,10.17,66.83,91.93,2.88,86.55,82.82,3.11,2747.7,736.75,16.07,78.03,70.11,34.39,79.17,7.71,34.56,6.0,31.18,1151.02,-0.2,2.37,-48.76,20.71,1.21,2.2,53.92,15.81,36.57,0.0,33.79,1279.16,1306.47,42.95,76.69,47.37,75.7,84.57,16.01,12.62,16.03,899.93,6.12,1410.0,3.48,40.17,null,0.6,1.69,45.0,45.34,56.76,45.0,7.04,79.7,28.76,91.2,43.14,7.66,78.09,63.7,81.88
MoldingMachine_57,Timestamp_50,2017-01-01T00:08:30Z,null,null,null,5946.56,1023.08,1157.13,49.24,455.68,8.98,-0.0,9.73,5.76,3.21,17.9,51.47,1.06,15.46,0.96,0.04,55.21,-0.06,0.03,26.32,28.09,41.57,1.1,5.16,0.54,1.33,0.47,0.01,1.2,270.0,260.07,254.97,260.0,16.62,11.21,6.3,17.55,455.06,98.13,94.23,85.07,75.94,6.98,1565.6,1584.04,48.71,2154.91,71.6,8.15,47.39,9.0,4.0,19.91,32.93,56.17,85.36,10.17,66.83,91.93,2.88,86.55,82.82,3.19,2760.7,736.75,16.07,78.03,70.93,33.84,79.17,7.66,33.55,6.0,31.18,1170.14,-0.3,2.37,-49.76,20.71,1.23,2.81,53.88,15.81,36.57,0.0,33.79,1300.16,1308.47,42.95,76.69,47.37,75.7,84.57,16.01,12.62,19.03,590.3,6.12,1410.0,3.33,39.01,null,0.63,1.74,45.0,44.7,54.83,45.0,7.02,81.61,28.76,91.2,43.14,7.66,78.09,63.7,81.88
MoldingMachine_57,Timestamp_51,2017-01-01T00:08:40Z,null,null,null,5946.56,1173.42,1162.78,49.4,454.73,304.12,0.0,9.05,5.06,3.5,6.79,51.47,0.84,15.46,0.95,0.15,55.21,0.03,-0.02,26.32,28.09,41.57,1.1,5.16,0.54,1.33,0.46,0.01,1.2,270.0,260.02,254.78,260.0,18.06,11.11,6.7,17.55,456.48,98.13,94.23,85.07,75.94,6.98,1564.79,1602.47,48.71,2184.91,71.6,8.15,47.39,9.0,4.0,19.91,31.23,56.17,85.36,10.17,66.83,91.93,2.88,86.55,82.82,2.91,2773.7,736.75,16.07,78.03,68.24,33.03,79.17,7.72,32.43,5.9,31.18,1158.26,-0.2,2.37,-50.76,20.71,1.22,2.13,54.04,15.81,36.57,0.0,33.79,1321.16,1310.47,42.95,76.69,47.37,75.7,84.57,16.01,12.62,22.03,688.3,6.12,1400.0,3.3,41.38,null,0.63,1.73,45.0,44.94,55.35,45.0,6.53,79.8,28.76,91.2,43.14,7.66,78.09,63.7,81.88
MoldingMachine_57,Timestamp_52,2017-01-01T00:08:50Z,null,null,null,5946.56,1127.01,1154.31,49.55,454.33,299.36,0.0,9.65,5.76,3.36,24.76,51.47,1.02,15.46,1.03,-0.02,55.21,-0.02,0.06,26.32,28.09,41.57,1.1,5.16,0.56,1.33,0.46,0.13,1.2,270.0,260.09,254.83,260.0,18.91,10.5,6.91,17.55,455.83,98.13,94.23,85.07,75.94,6.98,1559.67,1605.73,48.71,2214.91,71.6,8.15,47.39,9.0,4.0,19.91,34.71,56.17,85.36,10.17,66.83,91.93,2.88,86.55,82.82,2.84,2786.7,736.75,16.07,78.03,68.63,33.0,79.17,7.69,32.06,6.0,31.18,1162.27,-0.2,2.37,-51.76,20.71,1.24,2.6,54.06,15.81,36.57,0.0,33.79,1342.16,1312.47,42.95,76.69,47.37,75.7,84.57,16.01,12.62,25.03,786.3,6.12,1400.0,3.32,40.1,null,0.61,1.68,45.0,45.25,55.37,45.0,6.49,77.41,28.76,91.2,43.14,7.66,78.09,63.7,81.88
MoldingMachine_57,Timestamp_53,2017-01-01T00:09:00Z,null,null,null,5946.56,1272.58,1149.01,45.67,455.87,85.73,-0.0,9.92,5.79,3.4,8.15,51.47,1.24,15.46,1.0,-0.03,55.21,0.11,-0.02,26.32,28.09,41.57,1.1,5.16,0.56,1.33,0.46,0.07,1.2,270.0,260.11,255.0,260.0,18.8,11.09,6.59,17.55,454.68,98.13,94.23,85.07,75.94,6.98,1543.29,1580.94,48.71,2244.91,71.6,8.15,47.39,9.0,4.0,19.91,33.32,56.17,85.36,10.17,66.83,91.93,2.88,86.55,82.82,2.97,2799.7,736.75,16.07,78.03,69.09,32.57,79.17,7.6,34.23,6.0,31.18,1176.33,-0.2,2.37,-52.76,20.71,1.21,2.03,53.86,15.81,36.57,0.0,33.79,1363.16,1314.47,42.95,76.69,47.37,75.7,84.57,16.01,12.62,28.03,884.3,6.12,1400.0,3.36,41.16,null,0.63,1.68,45.0,45.14,54.61,45.0,6.81,79.69,28.76,91.2,43.14,7.66,78.09,63.7,81.88
MoldingMachine_57,Timestamp_54,2017-01-01T00:09:10Z,null,null,null,5946.56,779.78,1152.78,48.15,456.2,303.99,-0.01,9.74,5.75,3.73,11.18,51.47,1.12,15.46,0.98,-0.1,55.21,0.05,0.01,26.32,28.09,41.57,1.1,5.16,0.54,1.33,0.47,0.06,1.2,270.0,260.17,255.19,260.0,18.17,10.65,6.75,17.55,453.98,98.13,94.23,85.07,75.94,6.98,1558.68,1601.26,48.71,2274.91,71.6,8.15,47.39,9.0,4.0,19.91,34.21,56.17,85.36,10.17,66.83,91.93,2.88,86.55,82.82,3.2,2812.7,736.75,16.07,78.03,68.88,30.56,79.17,7.67,33.78,6.0,31.18,1157.16,-0.2,2.37,-53.76,20.71,1.22,2.22,54.01,15.81,36.57,0.0,33.79,1384.16,1316.47,42.95,76.69,47.37,75.7,84.57,16.01,12.62,7.11,982.3,6.12,1400.0,3.64,40.4,null,0.62,1.66,45.0,45.06,54.9,45.0,6.65,81.61,28.76,91.2,43.14,7.66,78.09,63.7,81.88
MoldingMachine_57,Timestamp_55,2017-01-01T00:09:20Z,null,null,null,5946.56,1072.61,1152.5,49.31,454.99,190.92,-0.0,9.26,5.53,3.39,20.75,51.47,1.31,15.46,0.95,-0.06,55.21,-0.02,-0.05,26.32,28.09,41.57,1.1,5.16,0.54,1.33,0.47,0.06,1.2,270.0,260.02,255.05,260.0,20.09,10.83,6.48,17.55,454.07,98.13,94.23,85.07,75.94,6.98,1564.46,1621.96,48.71,2304.91,71.6,8.15,47.39,9.0,4.0,19.91,32.6,56.17,85.36,10.17,66.83,91.93,2.88,86.55,82.82,3.15,2825.7,736.75,16.07,78.03,69.3,38.55,79.17,7.67,34.92,6.0,31.18,1169.34,-0.2,2.37,-54.76,20.71,1.24,2.63,54.02,15.81,36.57,0.0,33.79,1405.16,1318.47,42.95,76.69,47.37,75.7,84.57,16.01,12.62,10.11,1080.3,6.12,1400.0,3.4,41.99,null,0.63,1.7,45.0,45.06,54.51,45.0,7.18,80.59,28.76,91.2,43.14,7.66,78.09,63.7,81.88
MoldingMachine_57,Timestamp_56,2017-01-01T00:09:30Z,null,null,null,5946.56,1242.97,1146.78,43.18,455.66,297.29,0.01,8.8,5.35,3.68,7.95,51.47,0.9,15.46,0.9,0.22,55.21,-0.05,-0.03,26.32,28.09,41.57,1.1,5.16,0.54,1.33,0.47,0.07,1.2,270.0,260.02,254.84,260.0,17.05,11.26,6.68,17.55,453.13,98.13,94.23,85.07,75.94,6.98,1559.87,1529.04,48.71,2334.91,71.6,8.15,47.39,9.0,4.0,19.91,34.53,56.17,85.36,10.17,66.83,91.93,2.88,86.55,82.82,3.09,2838.7,736.75,16.07,78.03,66.76,35.77,79.17,7.67,34.63,6.09,31.18,1174.81,-0.1,2.37,-55.76,20.71,1.22,2.5,53.96,15.81,36.57,0.0,33.79,1426.16,1320.47,42.95,76.69,47.37,75.7,84.57,16.01,12.62,13.11,1178.3,6.12,1400.0,3.37,39.25,null,0.62,1.73,45.0,44.94,56.29,45.0,6.67,80.55,28.76,91.2,43.14,7.66,78.09,63.7,81.88
MoldingMachine_57,Timestamp_57,2017-01-01T00:09:40Z,null,null,null,5946.56,1124.87,1161.13,44.39,454.3,6.39,0.0,9.42,5.7,3.23,24.41,51.47,0.94,15.46,0.98,0.08,55.21,-0.04,-0.02,26.32,28.09,41.57,1.1,5.16,0.54,1.33,0.47,0.07,1.2,270.0,259.95,254.95,260.0,18.6,11.0,6.61,17.55,455.62,98.13,94.23,85.07,75.94,6.98,1543.77,1580.49,48.71,2364.91,71.6,8.15,47.39,9.0,4.0,19.91,33.44,56.17,85.36,10.17,66.83,91.93,2.88,86.55,82.82,3.07,2851.7,736.75,16.07,78.03,69.31,33.43,79.17,7.66,34.62,6.0,31.18,1205.86,-0.1,2.37,-56.76,20.71,1.22,2.31,54.29,15.81,36.57,0.0,33.79,1447.16,1322.47,42.95,76.69,47.37,75.7,84.57,16.01,12.62,16.11,1276.3,6.12,1410.0,3.4,39.15,null,0.6,1.71,45.0,45.05,53.06,45.0,6.61,82.45,28.76,91.2,43.14,7.66,78.09,63.7,81.88
MoldingMachine_57,Timestamp_58,2017-01-01T00:09:50Z,null,null,null,5946.56,1182.27,1163.03,49.12,455.27,297.42,0.0,8.54,5.21,3.26,11.91,51.47,0.8,15.46,1.0,0.15,55.21,0.06,-0.04,26.32,28.09,41.57,1.1,5.16,0.53,1.33,0.47,0.06,1.2,270.0,259.9,254.97,260.0,17.75,10.65,6.89,17.55,453.26,98.13,94.23,85.07,75.94,6.98,1542.5,1626.62,48.71,2394.91,71.6,8.15,47.39,9.0,4.0,19.91,34.39,56.17,85.36,10.17,66.83,91.93,2.88,86.55,82.82,2.91,2864.7,736.75,16.07,78.03,68.87,32.06,79.17,7.64,35.41,6.0,31.18,1177.93,-0.1,2.37,-57.76,20.71,1.22,1.6,53.8,15.81,36.57,0.0,33.79,1468.16,1324.47,42.95,76.69,47.37,75.7,84.57,16.01,12.62,19.11,1374.3,6.12,1410.0,3.66,41.34,null,0.61,1.72,45.0,45.28,51.67,45.0,7.02,77.56,28.76,91.2,43.14,7.66,78.09,63.7,81.88
MoldingMachine_57,Timestamp_59,2017-01-01T00:10:00Z,null,null,null,5946.56,1274.45,1157.52,49.42,455.97,297.82,-0.0,9.35,5.67,3.69,6.1,51.47,0.87,15.46,0.97,0.15,55.21,-0.0,-0.01,26.32,28.09,41.57,1.1,5.16,0.56,1.33,0.46,0.06,1.2,270.0,260.1,255.17,260.0,16.69,10.99,6.68,17.55,450.23,98.13,94.23,85.07,75.94,6.98,1544.16,1540.92,48.71,2424.91,71.6,8.15,47.39,9.0,4.0,19.91,32.35,56.17,85.36,10.17,66.83,91.93,2.88,86.55,82.82,3.07,2877.7,736.75,16.07,78.03,69.9,36.81,79.17,7.63,33.73,6.0,31.18,1192.94,-0.1,2.37,-58.76,20.71,1.2,2.59,53.99,15.81,36.57,0.0,33.79,1489.16,1326.47,42.95,76.69,47.37,75.7,84.57,16.01,12.62,22.11,1440.7,6.12,1410.0,3.77,40.85,null,0.59,1.71,45.0,45.24,52.17,45.0,6.91,79.84,28.76,91.2,43.14,7.66,78.09,63.7,81.88
MoldingMachine_57,Timestamp_60,2017-01-01T00:10:10Z,null,null,null,5946.56,1012.06,1167.73,48.21,456.98,222.0,0.0,9.39,5.44,3.65,15.0,51.47,1.02,15.46,1.05,0.09,55.21,-0.02,0.05,26.32,28.09,41.57,1.1,5.16,0.58,1.33,0.45,0.06,1.2,270.0,260.02,254.92,260.0,18.82,10.44,6.85,17.55,455.58,98.13,94.23,85.07,75.94,6.98,1535.39,1604.67,48.71,2454.91,71.6,8.15,47.39,9.0,4.0,19.91,34.21,56.17,85.36,10.17,66.83,91.93,2.88,86.55,82.82,3.15,2890.7,736.75,16.07,78.03,68.03,33.75,79.17,7.69,35.33,6.0,31.18,1156.62,-0.1,2.37,-59.76,20.71,1.21,1.93,54.04,15.81,36.57,0.0,33.79,1510.16,1328.47,42.95,76.69,47.37,75.7,84.57,16.01,12.62,22.3,456.93,6.12,1400.0,3.27,39.29,null,0.61,1.71,45.0,44.83,51.05,45.0,6.36,81.36,28.76,91.2,43.14,7.66,78.09,63.7,81.88
MoldingMachine_57,Timestamp_61,2017-01-01T00:10:20Z,null,null,null,5946.56,1036.17,1153.16,47.22,455.3,298.14,0.01,9.29,5.51,3.24,4.23,51.47,1.06,15.46,0.95,0.24,55.21,-0.01,-0.02,26.32,28.09,41.57,1.1,5.16,0.58,1.33,0.47,0.06,1.2,270.0,259.92,255.05,260.0,18.34,11.05,6.8,17.55,456.13,98.13,94.23,85.07,75.94,6.98,1541.61,1615.89,48.71,2484.91,71.6,8.15,47.39,9.0,4.0,19.91,33.36,56.17,85.36,10.17,66.83,91.93,2.88,86.55,82.82,3.07,2903.7,736.75,16.07,78.03,68.82,34.86,79.17,7.64,33.28,6.0,31.18,1175.73,-0.1,2.37,-60.76,20.71,1.22,2.45,54.11,15.81,36.57,0.0,33.79,1531.16,1330.47,42.95,76.69,47.37,75.7,84.57,16.01,12.62,25.3,432.05,6.12,1400.0,3.45,41.83,null,0.61,1.75,45.0,44.75,52.59,45.0,6.1,80.24,28.76,91.2,43.14,7.66,78.09,63.7,81.88
MoldingMachine_57,Timestamp_62,2017-01-01T00:10:30Z,null,null,null,5946.56,1305.02,1158.47,45.28,455.25,155.98,-0.0,9.21,5.95,3.39,12.0,51.47,0.73,15.46,1.04,-0.27,55.21,0.01,0.01,26.32,28.09,41.57,1.1,5.16,0.58,1.33,0.48,0.05,1.2,270.0,259.91,254.97,260.0,17.18,10.96,6.57,17.55,456.03,98.13,94.23,85.07,75.94,6.98,1545.0,1617.54,48.71,2514.91,71.6,8.15,47.39,9.0,4.0,19.91,36.56,56.17,85.36,10.17,66.83,91.93,2.88,86.55,82.82,3.04,2916.7,736.75,16.07,78.03,67.8,36.93,79.17,7.77,34.88,6.0,31.18,1155.3,-0.1,2.37,-61.76,20.71,1.21,1.71,53.85,15.81,36.57,0.0,33.79,1552.16,1332.47,42.95,76.69,47.37,75.7,84.57,16.01,12.62,28.3,530.05,6.12,1400.0,3.45,40.0,null,0.62,1.69,45.0,44.63,51.71,45.0,6.89,83.47,28.76,91.2,43.14,7.66,78.09,63.7,81.88
